94,127,0,0,0.77778,0.50185,0.77778,0.68853,2.7407,0.55556,5.5556,2.1111,-6.5556,8.4444,-1.8889,5.5556,0.91534,-2.4089,2
183,157,0,0,0.66667,0.42164,2.1111,0.62063,19.667,16.444,18.667,23.889,-9.6667,-3,12.667,23.889,0.31419,2.4052,6
2,190,0,0,2.5556,1.4519,2.5,2.9667,31.667,28,40.111,26.889,-11,25.333,-14.333,40.111,0.32901,-2.0084,5
30,251,0,0,2.4444,1.8817,8,1.6055,20.667,21.444,17.778,22.778,2.3333,-8.6667,6.3333,22.778,0.23142,1.2871,6
252,176,0,0.11111,1.8889,1.1483,5.0556,2.8551,52.926,46.333,67,45.444,-19.778,42.222,-22.444,67,0.32042,-2.0516,5
61,92,0,0,1.2778,1.0628,0.55556,0.62063,17.259,12.889,25.778,13.111,-13.111,25.556,-12.444,25.778,0.49969,-2.1118,4
194,72,0,0,1,0.4,1.1667,1.1444,93.444,79.222,117.11,84,-42.667,71,-28.333,117.11,0.32342,-2.2258,1
68,198,0,0.11111,2.8889,2.8803,3.0556,2.8707,58.074,51.444,71.889,50.889,-19.889,41.444,-21.556,71.889,0.2913,-2.0649,5
118,111,0,0,1.2222,1.047,0.55556,0.27217,62.259,56.444,75.333,55,-17.444,39.222,-21.778,75.333,0.26922,-2.0141,3
57,89,0,0,1.7222,1.3067,6.1667,4.7034,17,13,24.556,13.444,-12,22.667,-10.667,24.556,0.47749,-2.1297,4
225,143,0,0,0.44444,0.20741,0.44444,0.16296,5.4444,6.7778,6.7778,2.7778,4,4,-8,7,0.60185,-1.0482,0
52,196,0,0,1.4444,1.3278,6.7778,4.1882,46.074,40.444,57.111,40.667,-16.889,33.111,-16.222,57.111,0.29405,-2.1057,5
49,240,0,0.11111,3.0556,1.6387,2.0556,1.7438,20.444,15.222,18.778,27.333,-15.667,-5,20.667,27.333,0.44581,2.4208,6
101,130,0,0,0.61111,0.24074,0.66667,0.57778,5.7778,7.4444,6.6667,3.2222,5,2.6667,-7.6667,7.5556,0.5754,-0.8715,0
154,189,0,0,1.5556,1.047,1.4444,0.86066,59.926,53.444,74.889,51.444,-19.444,44.889,-25.444,74.889,0.31289,-2.006,5
189,144,0,0,0,0,0,0,0,0,0,0,0,0,0,0,0,0,4
112,114,0,0,0.72222,0.062963,0.66667,0.044444,5.2593,6.5556,6.1111,3.1111,3.8889,2.5556,-6.4444,6.6667,0.53439,-0.91061,0
44,79,0,0,0.44444,0.34426,0.77778,0.40369,107.74,93.889,126.56,102.78,-41.556,56.444,-14.889,126.56,0.25808,-2.378,1
111,235,0,0,1.6111,1.3074,2.7222,2.5519,15.63,11.778,15.889,19.222,-11.556,0.77778,10.778,19.222,0.3881,2.6708,6
146,201,0,0,0.61111,0.32773,1.0556,0.80046,10.667,8.6667,7,16.333,-6,-11,17,16.333,0.57085,1.9093,6
28,112,0,0,0.72222,0.41852,0.55556,0.16296,5.9259,7.1111,7.2222,3.4444,3.5556,3.8889,-7.4444,7.5556,0.54409,-1.0583,0
159,180,0.11111,0,1.5556,0.87407,3.2778,3.3963,21.259,18.111,18.111,27.556,-9.4444,-9.4444,18.889,27.556,0.35886,2.1139,6
80,116,0,0,1.5,1.6333,1.5556,0.87407,21.704,21.222,27.556,16.333,-1.4444,17.556,-16.111,27.556,0.40736,-1.6322,0
233,211,0.11111,0,2.6667,6.0889,1.6667,1.7333,15.444,12.444,15.222,18.667,-9,-0.66667,9.6667,18.667,0.33542,2.555,6
140,124,0,0,1,0.44444,1.1111,1.0519,2.5185,0.22222,6.1111,1.2222,-6.8889,10.778,-3.8889,6.1111,0.97377,-2.2675,2
112,120,0.11111,0,1.3333,1.0328,2.2222,1.7084,21.556,17.556,28.667,18.444,-12,21.333,-9.3333,28.667,0.38675,-2.1774,4
68,103,0,0,0.66667,0.57778,1.1111,0.96296,2.1481,0.11111,5.6667,0.66667,-6.1111,10.556,-4.4444,5.6667,0.98765,-2.1855,2
200,250,0,0,2.2778,1.4207,1.4444,1.0256,9.2222,6.5556,7.3333,13.778,-8,-5.6667,13.667,13.778,0.56339,2.1929,6
151,143,0,0,0.38889,0.062963,0.5,0.033333,5.6667,7.5556,6.4444,3,5.6667,2.3333,-8,7.5556,0.60119,-0.79692,0
182,186,0.11111,0,3.6667,2.044,1.7778,1.2413,48.444,43.778,59.889,41.667,-14,34.333,-20.333,59.889,0.30452,-1.9731,5
228,91,0,0,0.72222,0.1963,1.1111,0.38519,2.6296,0.44444,6.2222,1.2222,-6.5556,10.778,-4.2222,6.2222,0.93981,-2.2257,2
219,80,0,0,1.2778,0.32963,0.66667,0.93333,39.704,36.333,48.222,34.556,-10.111,25.556,-15.444,48.222,0.28296,-1.9626,3
67,136,0,0,6.7222,3.7083,2.6667,3.1972,15.519,9,25.333,12.222,-19.556,29.444,-9.8889,25.333,0.66081,-2.3075,2
250,87,0,0,0.72222,0.24074,0.61111,0.37407,11.148,6.6667,19.556,7.2222,-13.444,25.222,-11.778,19.556,0.65933,-2.1386,4
219,132,0,0,1.4444,0.65546,1.1111,0.75031,35.222,29.556,45.667,30.444,-17,31.333,-14.333,45.667,0.35475,-2.147,3
4,248,0,0,3.3333,1.8135,3.2222,1.259,19.556,15.556,16.667,26.444,-12,-8.6667,20.667,26.444,0.42215,2.2051,6
225,143,0,0,0.44444,0.20741,0.44444,0.16296,5.4444,6.7778,6.7778,2.7778,4,4,-8,7,0.60185,-1.0482,0
115,81,0,0,0.72222,0.64693,0.72222,0.38968,105.93,91.889,124.89,101,-42.111,56.889,-14.778,124.89,0.26422,-2.3823,1
96,196,0,0,3.5,1.2605,7.3889,3.6783,63.519,56,79.111,55.444,-22.556,46.778,-24.222,79.111,0.30159,-2.0704,5
190,45,0,0,0.66667,0.66667,0.77778,0.54433,108.96,95.889,126.89,104.11,-39.222,53.778,-14.556,126.89,0.24429,-2.3718,1
136,139,0,0,0.66667,0.17778,0.77778,0.20741,5.3333,6.5556,6.4444,3,3.6667,3.3333,-7,6.8889,0.5668,-1.0049,0
46,131,0,0,0.27778,0.062963,1.7778,1.8519,1.4074,0.77778,2.7778,0.66667,-1.8889,4.1111,-2.2222,2.7778,0.77037,-2.0513,4
6,90,0,0,1.9444,0.5963,1.3333,1.8222,18.111,18.778,22.111,13.444,2,12,-14,22.111,0.38846,-1.4259,0
17,124,0,0,1.1667,0.61111,1.4444,0.78519,1.1481,0.22222,2.6667,0.55556,-2.7778,4.5556,-1.7778,2.6667,0.9537,-2.1692,2
96,193,0,0,1.3333,1.1155,1.8333,1.8469,62.704,54.778,78.778,54.556,-23.778,48.222,-24.444,78.778,0.31029,-2.0849,5
58,113,0,0,3.4444,1.2232,0.72222,0.38968,20.852,16.889,28.444,17.222,-11.889,22.778,-10.889,28.444,0.41481,-2.1257,4
64,176,0,0,2.3333,0.91894,1,0.91894,50.778,46,62.333,44,-14.333,34.667,-20.333,62.333,0.29406,-1.9809,5
86,187,0,0,1.1111,0.72008,1.4444,0.75031,13.741,11.667,10.333,19.222,-6.2222,-10.222,16.444,19.222,0.46333,1.9415,6
48,79,0,0,1.7778,1.8519,1.1667,1.3222,5.4074,1.7778,10.556,3.8889,-10.889,15.444,-4.5556,10.556,0.84245,-2.3398,2
238,180,0.11111,0,0.55556,0.34074,1.7222,1.663,13.593,11.111,11.889,17.778,-7.4444,-5.1111,12.556,17.778,0.37625,2.2129,6
180,142,0,0,0.16667,0.27889,0.11111,0.17213,0.11111,0,0.33333,0,-0.33333,0.66667,-0.33333,0.33333,0.22222,-2.0944,4
79,28,0,0,4.2778,3.7619,0.83333,0.65828,62.407,53.444,79.111,54.667,-26.889,50.111,-23.222,79.111,0.32456,-2.1445,3
150,144,0,0,0.55556,0.074074,0.61111,0.15185,2.5185,0.11111,6.5556,0.88889,-7.2222,12.111,-4.8889,6.5556,0.98611,-2.2122,2
78,99,0,0,1.6111,8.0185,3.0556,14.774,4.1481,1.1111,9,2.3333,-9.1111,14.556,-5.4444,9,0.9109,-2.2557,2
57,118,0,0,2.8333,5.5,1.2222,0.87407,19.407,15.556,26.556,16.111,-11.556,21.444,-9.8889,26.556,0.41871,-2.1472,4
97,86,0.11111,0,1.5,0.83333,3.5556,2.163,23.815,23.333,30.222,17.889,-1.4444,19.222,-17.778,30.222,0.40554,-1.6086,0
178,134,0,0,0.11111,0.17213,0.22222,0.27217,1.8519,1,3.8889,0.66667,-2.5556,6.1111,-3.5556,3.8889,0.83333,-1.9978,4
174,152,0,0,0,0,0,0,0,0,0,0,0,0,0,0,0,0,4
83,114,0,0,1.3889,1.1296,1.9444,0.5963,19.852,20,24.667,14.889,0.44444,14.444,-14.889,24.667,0.39496,-1.5087,0
2,190,0,0,2.5556,1.4519,2.5,2.9667,31.667,28,40.111,26.889,-11,25.333,-14.333,40.111,0.32901,-2.0084,5
183,153,0,0,5,12.267,3,6.8889,28,21.333,38.778,23.889,-20,32.333,-12.333,38.778,0.44775,-2.2427,3
58,95,0,0,2.1667,1.6333,1.9444,0.68519,4.4444,1.2222,9,3.1111,-9.6667,13.667,-4,9,0.87492,-2.3338,2
78,62,0.11111,0,0.66667,0.4,1.6111,0.86296,110.04,100.78,126.33,103,-27.778,48.889,-21.111,126.33,0.20228,-2.1854,1
167,57,0,0,0.94445,0.37407,0.77778,0.6963,98.593,84,121.56,90.222,-43.778,68.889,-25.111,121.56,0.30881,-2.2644,1
4,201,0,0.22222,2.7222,1.6788,5.2222,3.1246,53.704,47.111,67.222,46.778,-19.778,40.556,-20.778,67.222,0.30886,-2.0752,5
201,135,0,0,0.55556,0.2963,0.88889,0.074074,5.5185,7.1111,6.4444,3,4.7778,2.7778,-7.5556,7.4444,0.59943,-0.89218,0
161,144,0,0,0,0,0,0,0,0,0,0,0,0,0,0,0,0,4
190,45,0,0,0.66667,0.66667,0.77778,0.54433,108.96,95.889,126.89,104.11,-39.222,53.778,-14.556,126.89,0.24429,-2.3718,1
212,140,0,0,3.8333,4.2045,0.66667,0.66667,2.8889,2.6667,3.3333,2.6667,-0.66667,1.3333,-0.66667,3.3333,0.068883,-2.0944,4
59,99,0,0,0.77778,0.82963,1,0.35556,2.037,0.11111,5.5556,0.44444,-5.7778,10.556,-4.7778,5.5556,0.98611,-2.1497,2
19,63,0,0,1.2778,1.5741,2.1111,3.0963,20.926,19.667,27.778,15.333,-3.7778,20.556,-16.778,27.778,0.44725,-1.7268,0
204,131,0,0,0.11111,0.17213,0.11111,0.17213,0.22222,0,0.66667,0,-0.66667,1.3333,-0.66667,0.66667,0.66667,-2.0944,4
164,83,0.11111,0,2.5,6.0778,1.5556,0.78518,66.259,60.222,79.667,58.889,-18.111,40.222,-22.111,79.667,0.26033,-2.0278,3
140,124,0,0,1,0.44444,1.1111,1.0519,2.5185,0.22222,6.1111,1.2222,-6.8889,10.778,-3.8889,6.1111,0.97377,-2.2675,2
200,165,0.11111,0,2.2778,3.9741,1.7778,0.91852,17.333,12.889,16.444,22.667,-13.333,-2.6667,16,22.667,0.43082,2.4712,6
112,90,0,0,7.3889,6.9456,1.2778,0.87981,65.185,57.667,79.778,58.111,-22.556,43.778,-21.222,79.778,0.27835,-2.1088,3
196,244,0,0,1.2778,0.55185,3.6111,6.9519,7.7407,6.6667,7,9.5556,-3.2222,-2.2222,5.4444,9.5556,0.38337,2.3406,6
219,176,0,0.11111,2.1111,1.8579,5.1111,2.8415,60.296,53.333,75.667,51.889,-20.889,46.111,-25.222,75.667,0.31446,-2.0306,5
220,220,0.11111,0,2.2778,1.1296,2.2778,4.1519,6.4444,5.6667,5.3333,8.3333,-2.3333,-3.3333,5.6667,8.3333,0.42735,1.9844,6
2,114,0,0,0.83333,0.12222,0.27778,0.062963,1.7407,0.77778,3.8889,0.55556,-2.8889,6.4444,-3.5556,3.8889,0.88148,-2.027,2
74,215,0,0,0.44444,0.074074,0.5,0.12222,6.9259,5.1111,4.4444,11.222,-5.4444,-7.4444,12.889,11.222,0.6037,1.9912,6
52,185,0,0,1.6667,1.4222,0.94444,0.95185,19.259,14.889,18.222,24.667,-13.111,-3.1111,16.222,24.667,0.39646,2.4518,6
236,194,0,0,2.6667,1.9322,2.4444,1.7971,50.111,44.222,62.444,43.667,-17.667,37,-19.333,62.444,0.30067,-2.0643,5
115,202,0.11111,0,1.6111,0.24074,2.3889,2.5963,15.148,11.667,14,19.778,-10.444,-3.4444,13.889,19.778,0.40993,2.4011,6
76,198,0,0,1.7778,1.2049,1.5,0.69121,14.556,12.111,11.778,19.778,-7.3333,-8.3333,15.667,19.778,0.41157,2.0557,6
68,172,0,0,1.0556,1.0628,2.3333,1.6997,30.111,24.556,30.111,35.667,-16.667,0,16.667,35.667,0.31229,2.6178,6
245,23,0,0,0.66667,0.36515,1.1667,1.2247,123,111,139.78,118.22,-36,50.333,-14.333,139.78,0.2059,-2.3563,1
189,79,0,0,2.7222,2.3296,1.3333,0.75556,41.407,38,49.667,36.556,-10.222,24.778,-14.556,49.667,0.26553,-1.9846,3
169,66,0,0,2,2.0889,0.94444,0.41852,51.593,47.778,61.222,45.778,-11.444,28.889,-17.444,61.222,0.2521,-1.9613,3
80,87,0,0.11111,24.389,573,44.722,1386.3,67.444,58.778,79,64.556,-26,34.667,-8.6667,79,0.30628,-2.4221,2
18,145,0,0,0.38889,0.018518,0.61111,0.37407,3.9259,5.5556,4,2.2222,4.8889,0.22222,-5.1111,5.5556,0.60053,-0.57094,0
229,175,0,0,1.1667,0.52222,5.6667,26.133,33,29,41,29,-12,24,-12,41,0.28683,-2.0912,5
97,63,0,0,0.72222,0.44305,0.33333,0.21082,108.93,96.222,126.11,104.44,-38.111,51.556,-13.444,126.11,0.23689,-2.3824,1
88,115,0,0,1.6667,1.8222,4.1667,4.2111,22.037,21.333,28,16.778,-2.1111,17.889,-15.778,28,0.39736,-1.6195,0
180,123,0.11111,0,1.7222,2.1074,1.1111,0.51852,57.481,52.556,68.556,51.333,-14.778,33.222,-18.444,68.556,0.25119,-2.0215,3
100,155,0,0,0.5,0.45947,0.83333,0.3496,23.333,20,20.667,29.333,-10,-8,18,29.333,0.31809,2.1694,6
248,153,0,0,0.27778,0.062963,0.11111,0.02963,0.37037,0,1.1111,0,-1.1111,2.2222,-1.1111,1.1111,0.88889,-2.0944,4
71,180,0.11111,0,1.2222,0.56296,3,1.8667,22.333,18.333,21.444,27.222,-12,-2.6667,14.667,27.222,0.32738,2.4538,6
182,186,0.11111,0,3.6667,2.044,1.7778,1.2413,48.444,43.778,59.889,41.667,-14,34.333,-20.333,59.889,0.30452,-1.9731,5
29,195,0,0,0.44444,0.40369,0.61111,0.68041,16.037,14.444,13.333,20.333,-4.7778,-8.1111,12.889,20.333,0.34231,1.943,6
83,53,0,0,0.55555,0.45542,0.72222,0.49065,123.44,112.33,138.22,119.78,-33.333,44.333,-11,138.22,0.18722,-2.3933,1
136,77,0.22222,0,1.8889,1.4963,3.0556,5.6185,26.407,24.556,34.444,20.222,-5.5556,24.111,-18.556,34.444,0.41322,-1.7689,0
235,88,0,0,0.33333,0.044444,0.44444,0.074074,12.259,7.5556,21.111,8.1111,-14.111,26.556,-12.444,21.111,0.64177,-2.1367,4
40,73,0.11111,0,1.3889,1.0852,1.6111,2.5074,20.63,19.778,26.778,15.333,-2.5556,18.444,-15.889,26.778,0.42697,-1.6755,0
196,182,0,0,1.1667,0.43333,0.61111,0.37407,19.889,16.889,18.111,24.667,-9,-5.3333,14.333,24.667,0.3149,2.2717,6
88,180,0,0,1.5,0.9369,3.8333,2.8887,50.407,45.222,62.333,43.667,-15.556,35.778,-20.222,62.333,0.30092,-2.0087,5
212,152,0,0,5,7.6444,2.3889,3.263,26.556,20.333,37.667,21.667,-18.667,33.333,-14.667,37.667,0.46343,-2.1657,3
47,89,0,0,0.55556,0.17213,3.6111,3.8379,14.222,10.222,22.111,10.333,-12,23.667,-11.667,22.111,0.54882,-2.1073,4
158,76,0,0,0.83333,0.65828,3.2778,3.0653,34.852,31.889,42,30.667,-8.8889,21.444,-12.556,42,0.27031,-1.9815,3
156,32,0,0,0.77777,0.16296,2.6111,1.0407,136.3,129.78,146.33,132.78,-19.556,30.111,-10.556,146.33,0.11306,-2.2808,1
219,80,0,0,1.2778,0.32963,0.66667,0.93333,39.704,36.333,48.222,34.556,-10.111,25.556,-15.444,48.222,0.28296,-1.9626,3
192,51,0,0,0.72222,0.38968,0.94444,0.7722,108.74,95.222,127,104,-40.556,54.778,-14.222,127,0.25014,-2.3834,1
163,210,0,0,1.5556,0.54433,1.5,0.96032,11.852,9.3333,8.8889,17.333,-7.5556,-8.8889,16.444,17.333,0.48874,2.0437,6
42,200,0,0,0.55556,0.42963,0.44444,0.25185,7.7037,5.7778,5.8889,11.444,-5.7778,-5.4444,11.222,11.444,0.51532,2.1073,6
119,196,0,0,2.6667,2.1499,1.3889,1.3567,53.333,47.333,65.667,47,-18,37,-19,65.667,0.29359,-2.0792,5
33,94,0,0,1.3333,0.21082,2.5556,1.642,5.8889,3.2222,7.7778,6.6667,-8,5.6667,2.3333,7.7778,0.60979,-2.8699,2
137,190,0,0,2.0556,0.74287,2.2778,1.405,60.444,53.444,75.556,52.333,-21,45.333,-24.333,75.556,0.3088,-2.0436,5
53,28,0,0,0.44444,0.40369,1.7778,0.86066,111.59,96.444,130.67,107.67,-45.444,57.222,-11.778,130.67,0.26184,-2.4386,1
168,187,0,0,3.5,2.1679,2.8333,1.6021,58,52.556,71.444,50,-16.333,40.333,-24,71.444,0.29965,-1.9667,5
71,113,0,0,0.72222,0.24074,0.72222,0.15185,5.4815,7.1111,6.3333,3,4.8889,2.5556,-7.4444,7.1111,0.58003,-0.8512,0
160,168,0,0,1.5,1.1499,0.66667,0.4714,25.111,20.889,23,31.444,-12.667,-6.3333,19,31.444,0.33539,2.3021,6
230,124,0,0,0.27778,0.10741,0.27778,0.15185,0.66667,0,2,0,-2,4,-2,2,1,-2.0944,2
68,127,0,0,1.0556,0.97563,1.2778,0.82776,16.37,10.889,26.444,11.778,-16.444,30.222,-13.778,26.444,0.60144,-2.0358,2
90,237,0,0,2.4444,1.3278,2.7222,2.6784,22.222,17.556,19.667,29.444,-14,-7.6667,21.667,29.444,0.41375,2.2803,6
86,88,0.11111,0,2.0556,1.8852,1.7222,3.3963,21.148,21.444,26.333,15.667,0.88889,15.556,-16.444,26.333,0.40512,-1.5126,0
44,233,0,0,2.2222,2.1465,2.1111,1.3278,14.481,12.556,11.333,19.556,-5.7778,-9.4444,15.222,19.556,0.42217,1.9504,6
54,133,0,0,1.5556,1.0074,0.5,0.34444,5.3704,3.6667,9,3.4444,-5.1111,10.889,-5.7778,9,0.63047,-2.048,4
43,152,0,0,1.9444,1.7074,1.2222,0.82963,1.5185,1,2.8889,0.66667,-1.5556,4.1111,-2.5556,2.8889,0.64868,-1.9332,4
7,18,0,0,1.2778,0.72963,0.94445,0.37408,138.63,133.33,147.56,135,-15.889,26.778,-10.889,147.56,0.096352,-2.2146,1
149,77,0,0,2.1111,3.9407,2.4444,6.0296,24.481,23.444,31.556,18.444,-3.1111,21.222,-18.111,31.556,0.41574,-1.6895,0
48,202,0,0.11111,3.3889,1.625,4.8333,4.092,58,52,71,51,-18,39,-21,71,0.28452,-2.0459,5
186,218,0,0,1.1667,0.74444,1.1667,0.65556,13.704,10.667,12.667,17.778,-9.1111,-3.1111,12.222,17.778,0.40135,2.3827,6
113,130,0,0,0.27778,0.25092,0.33333,0.36515,0.88889,0,2.5556,0.11111,-2.6667,5,-2.3333,2.5556,1,-2.1233,2
47,175,0,0,1.3333,0.78881,1.1667,0.88819,23.741,18.667,23.778,28.778,-15.222,0.11111,15.111,28.778,0.35149,2.6302,6
170,154,0,0,0.11111,0.17213,0.055556,0.13608,0.074074,0,0.22222,0,-0.22222,0.44444,-0.22222,0.22222,0.22222,-2.0944,4
245,238,0.11111,0,1.6667,2.5386,2.3333,2.4404,8.9259,6.3333,6.5556,13.889,-7.7778,-7.1111,14.889,13.889,0.59701,2.1261,6
217,148,0,0,2.0556,2.5519,1.0556,0.50741,29.074,21.444,41.556,24.222,-22.889,37.444,-14.556,41.556,0.48377,-2.238,3
7,48,0,0,0.61111,0.10741,1.3333,0.35556,115.78,107.44,132.44,107.44,-25,50,-25,132.44,0.19711,-2.0906,1
62,202,0,0,2.5556,1.7084,1.5,1.1304,60.481,53.667,74.889,52.889,-20.444,43.222,-22.778,74.889,0.29788,-2.0606,5
131,214,0,0,0.77778,0.65185,1.2778,0.24074,6.8148,5,4.7778,10.667,-5.4444,-6.1111,11.556,10.667,0.56816,2.0583,6
9,76,0,0,1.2778,1.4207,1.6667,1.8619,2.4444,0.88889,4.6667,1.7778,-4.6667,6.6667,-2,4.6667,0.87222,-2.3408,2
162,14,0,0,0.94445,0.53403,0.61111,0.71233,112.74,99,130.67,108.56,-41.222,53.778,-12.556,130.67,0.24229,-2.409,1
9,180,0,0,1.1667,0.72265,1.1667,0.98319,22.556,17.444,22,28.222,-15.333,-1.6667,17,28.222,0.38143,2.5417,6
90,237,0,0,2.4444,1.3278,2.7222,2.6784,22.222,17.556,19.667,29.444,-14,-7.6667,21.667,29.444,0.41375,2.2803,6
197,236,0,0,2.4444,6.8296,3.3333,7.6,16.074,13.111,16.667,18.444,-8.8889,1.7778,7.1111,18.556,0.29273,2.7898,6
73,31,0,0,0.55556,0.45542,0.88889,0.34427,126.85,115.56,143.11,121.89,-33.889,48.778,-14.889,143.11,0.19246,-2.3348,1
11,50,0.11111,0,1.7778,1.0037,1.1111,0.91084,109.26,93.889,130.33,103.56,-46.111,63.222,-17.111,130.33,0.2797,-2.372,1
64,196,0,0,2.6667,2.3758,3.4444,2.2771,49.889,44.333,61.444,43.889,-16.667,34.667,-18,61.444,0.29,-2.0639,5
103,216,0,0,1.5,0.56667,0.83333,1.1889,7.0741,5.1111,5,11.111,-5.8889,-6.2222,12.111,11.111,0.59312,2.0793,6
121,55,0,0,1.5,2.8778,1.4444,1.1852,103.07,90,124.11,95.111,-39.222,63.111,-23.889,124.11,0.2748,-2.251,1
189,141,0,0,0,0,0,0,0,0,0,0,0,0,0,0,0,0,4
10,94,0,0,0.44444,0.11852,0.72222,0.1963,2.2593,0.11111,6,0.66667,-6.4444,11.222,-4.7778,6,0.98611,-2.1897,2
141,68,0,0,1.4444,1.0074,2.1667,0.87778,27.185,24.222,36.889,20.444,-8.8889,29.111,-20.222,36.889,0.44565,-1.8485,0
39,60,0.11111,0,1.5556,1.1407,2.4444,1.9407,22.63,21.333,30,16.556,-3.8889,22.111,-18.222,30,0.44664,-1.7094,0
36,145,0,0,0.27778,0.1963,1.2778,2.063,0.85185,0.33333,1.4444,0.77778,-1.5556,1.7778,-0.22222,1.4444,0.25185,-2.531,2
13,103,0,0,1.3889,0.5963,2.2778,2.1519,16.148,17.667,19.111,11.667,4.5556,8.8889,-13.444,19.444,0.3989,-1.2192,0
42,203,0,0,0.94444,0.64693,6.0556,2.4623,54.519,48.667,67.111,47.778,-17.556,37.778,-20.222,67.111,0.28979,-2.0465,5
81,229,0.11111,0,2.4444,0.78519,2.0556,3.2185,10.926,7.4444,10.667,14.667,-10.444,-0.77778,11.222,14.667,0.49614,2.5575,6
145,152,0,0,0.72222,1.1434,2.7778,1.1089,25.037,19.667,25.778,29.667,-16.111,2.2222,13.889,29.667,0.33799,2.7311,6
205,83,0,0,24.556,688.07,8.3333,121.24,23.296,19.778,28.556,21.556,-10.556,15.778,-5.2222,28.556,0.50416,-2.3213,2
117,224,0,0,3.0556,2.5597,3.0556,3.0215,20.259,15.444,17.778,27.556,-14.444,-7.4444,21.889,27.556,0.44152,2.3042,6
224,190,0,0,2.8889,2.1361,3,1.8499,47.481,42.444,58.667,41.333,-15.111,33.556,-18.444,58.667,0.29562,-2.0259,5
37,25,0,0,1.3333,0.7303,1,0.76012,126.04,114.33,142.22,121.56,-35.111,48.556,-13.444,142.22,0.19609,-2.3652,1
253,75,0,0,0.66667,0.26667,0.88889,0.38519,88.556,72,115.89,77.778,-49.667,82,-32.333,115.89,0.37868,-2.232,1
8,199,0,0,1.6667,0.78881,1.3889,0.71233,15,13.333,11.778,19.889,-5,-9.6667,14.667,19.889,0.40888,1.9053,6
217,130,0,0,2.3333,2.5333,1.4444,0.47407,21.37,15.778,31.889,16.444,-16.778,31.556,-14.778,31.889,0.50544,-2.1349,3
58,146,0.11111,0,3.5,7.0556,2.5,4.6556,22.741,18.111,31.556,18.556,-13.889,26.444,-12.556,31.556,0.42983,-2.1249,3
182,135,0,0,4.2222,1.1287,1.1111,1.0256,32.704,28.556,41,28.556,-12.444,24.889,-12.444,41,0.30882,-2.0932,3
104,147,0,0.11111,3.1111,2.1875,4.6667,2.5991,49.778,43.778,62.444,43.111,-18,38,-20,62.444,0.30911,-2.0564,3
201,183,0,0,1.8889,1.9168,2.3333,1.7889,52.63,47.444,65.111,45.333,-15.556,37.444,-21.889,65.111,0.30372,-1.9819,5
83,83,0.11111,0,0.77778,0.78518,1.6667,3.1111,49.852,46,59.556,44,-11.556,29.111,-17.556,59.556,0.26061,-1.9585,3
49,240,0,0.11111,3.0556,1.6387,2.0556,1.7438,20.444,15.222,18.778,27.333,-15.667,-5,20.667,27.333,0.44581,2.4208,6
44,123,0,0,1.0556,0.9963,1,0.84444,1.4815,0.22222,3.6667,0.55556,-3.7778,6.5556,-2.7778,3.6667,0.9619,-2.1618,2
140,73,0,0,1.7222,0.82776,0.77778,1.0037,46.296,45.667,51.111,42.111,-1.8889,14.444,-12.556,51.111,0.17616,-1.6816,3
130,32,0,0,1.1111,1.047,0.83333,0.83666,59.481,54.222,70.889,53.333,-15.778,34.222,-18.444,70.889,0.249,-2.0424,3
253,75,0,0,0.66667,0.26667,0.88889,0.38519,88.556,72,115.89,77.778,-49.667,82,-32.333,115.89,0.37868,-2.232,1
93,29,0,0,1.2222,1.2296,1.3889,1.5741,128.48,119,142.78,123.67,-28.444,42.889,-14.444,142.78,0.16648,-2.2978,1
188,186,0,0,0.88889,0.16296,0.77778,0.20741,18.519,15.333,18.222,22,-9.5556,-0.88889,10.444,22,0.30188,2.5874,6
42,203,0,0,0.94444,0.64693,6.0556,2.4623,54.519,48.667,67.111,47.778,-17.556,37.778,-20.222,67.111,0.28979,-2.0465,5
133,102,0,0.11111,22.056,374.6,29.889,488.03,44.037,37.444,52.667,42,-19.778,25.889,-6.1111,52.667,0.39789,-2.4168,2
148,169,0.11111,0,1.0556,0.77407,1.8333,2.6111,19.593,15.111,18.667,25,-13.444,-2.7778,16.222,25,0.39612,2.4678,6
147,193,0,0,6.6111,3.605,7.0556,5.4095,51.741,46.556,63,45.667,-15.556,33.778,-18.222,63,0.27527,-2.0802,5
57,89,0.11111,0,0.55555,0.27217,1.2778,0.7722,106.07,93.111,125.44,99.667,-38.889,58.111,-19.222,125.44,0.25775,-2.3062,1
200,13,0,0,1.7778,1.8579,0.27778,0.25092,9.2963,6.1111,15.889,5.8889,-9.5556,19.778,-10.222,15.889,0.63274,-2.0741,4
62,224,0,0,0.94444,1.0835,2.3333,1.633,14.63,13.222,11.444,19.222,-4.2222,-9.5556,13.778,19.222,0.40897,1.8602,6
95,71,0,0,1.0556,1.0852,2.2222,3.763,105.67,96.667,122.44,97.889,-27,50.333,-23.333,122.44,0.21226,-2.1432,1
189,68,0,0,1.6667,1.6193,1.1111,1.3444,38.593,38.333,42.333,35.111,-0.77778,11.222,-10.444,42.333,0.17045,-1.6248,3
251,173,0.11111,0,2.1667,1.8348,2.3889,1.2368,56.778,49.889,71.556,48.889,-20.667,44.333,-23.667,71.556,0.31837,-2.0482,5
241,76,0,0,0.83333,0.21111,1.3333,0.71111,90.074,74.556,116.56,79.111,-46.556,79.444,-32.889,116.56,0.36019,-2.208,1
174,59,0,0,0.83333,0.3496,1.3333,0.8165,122.04,110.56,138.78,116.78,-34.444,50.222,-15.778,138.78,0.20333,-2.3232,1
106,107,0,0,1.1111,0.72008,0.66667,0.42164,22.556,13,36,18.667,-28.667,40.333,-11.667,36,0.63854,-2.3546,2
253,201,0,0,3,2.6915,2.8333,2.3357,43.963,39.222,53.889,38.778,-14.222,29.778,-15.556,53.889,0.28083,-2.0679,5
38,94,0.11111,0,1.3889,1.0417,0.88889,0.77936,68.111,61.111,82.667,60.556,-21,43.667,-22.667,82.667,0.26726,-2.0685,3
161,176,0,0,0.38889,0.15185,1.1667,0.38889,13,10.111,11.778,17.111,-8.6667,-3.6667,12.333,17.111,0.40773,2.3406,6
180,186,0.11111,0,1.5,1.7981,1.9444,1.7816,49.63,45,61.333,42.556,-13.889,35.111,-21.222,61.333,0.30616,-1.9581,5
110,92,0.11111,0,1.8889,4.0296,2.2778,3.5296,7.4444,3.2222,12.667,6.4444,-12.667,15.667,-3,12.667,0.75901,-2.4522,2
100,124,0,0,0.27778,0.062963,1,0.44444,7.0741,8.2222,8.7778,4.2222,3.4444,5.1111,-8.5556,9,0.53117,-1.1571,0
201,40,0,0,1.0556,0.5963,1.5,1.5444,123.78,113.33,139.67,118.33,-31.333,47.667,-16.333,139.67,0.1885,-2.2922,1
96,236,0,0,1.7222,3.8407,1.7222,1.1296,13.963,10.778,12.444,18.667,-9.5556,-4.5556,14.111,18.667,0.42424,2.3206,6
231,124,0,0,3.4444,14.963,1.8333,6.4333,3,1.4444,5.8889,1.6667,-4.6667,8.6667,-4,5.8889,0.89537,-2.1189,2
112,38,0,0,11.056,11.074,1.1111,1.0681,64.63,58.222,78.444,57.222,-19.222,41.444,-22.222,78.444,0.27166,-2.0388,3
19,184,0,0,0.55556,0.34426,0.83333,0.62361,14.222,12.333,11,19.333,-5.6667,-9.6667,15.333,19.333,0.43115,1.9379,6
170,143,0,0,0,0,0,0,0,0,0,0,0,0,0,0,0,0,4
87,135,0,0,0.38889,0.24074,0.33333,0.17778,0.96296,0,2.7778,0.11111,-2.8889,5.4444,-2.5556,2.7778,1,-2.1175,2
177,181,0,0,4.2778,1.731,2.5556,1.4857,60.63,53.667,75.667,52.556,-20.889,45.111,-24.222,75.667,0.30699,-2.0446,5
115,183,0,0,1.0556,0.7722,4.7222,1.0202,19.852,14.556,19,26,-15.889,-2.5556,18.444,26,0.44994,2.5068,6
240,190,0,0,1.5556,0.75031,1.3333,1.0954,20.111,15.889,17.556,26.889,-12.667,-7.6667,20.333,26.889,0.40931,2.2522,6
29,195,0,0,0.44444,0.40369,0.61111,0.68041,16.037,14.444,13.333,20.333,-4.7778,-8.1111,12.889,20.333,0.34231,1.943,6
72,32,0.11111,0.11111,3.9444,2.7032,2.2778,1.9711,56.37,48.556,72.778,47.778,-23.444,49.222,-25.778,72.778,0.34441,-2.0606,3
28,162,0.11111,0,1.1667,0.62361,1.4444,1.3278,25.111,19.667,26.111,29.556,-16.333,3,13.333,29.556,0.33513,2.769,6
192,162,0,0,2.3889,2.1963,14.944,219.57,40.444,34.444,49.444,37.444,-18,27,-9,50.333,0.30781,-2.5736,5
25,116,0,0,0.94444,0.15185,4.7778,3.0963,16.185,17,20,11.556,2.4444,11.444,-13.889,21.222,0.44719,-1.1628,0
166,36,0,0,0,0,0,0,0,0,0,0,0,0,0,0,0,0,4
73,194,0,0,3.2222,2.3349,4.6111,3.356,60.778,53.444,76.111,52.778,-22,46,-24,76.111,0.30925,-2.0605,5
20,189,0,0,1.7222,1.7519,2.6667,3.8222,34.111,30.111,42.778,29.444,-12,26,-14,42.778,0.30988,-2.0443,5
6,95,0,0,0.77778,0.60741,0.38889,0.062963,20.185,15.556,28.778,16.222,-13.889,25.778,-11.889,28.778,0.45947,-2.1462,4
75,59,0,0,1.0556,0.77407,2.9444,2.5519,25.074,22.333,34.333,18.556,-8.2222,27.778,-19.556,34.333,0.45943,-1.8363,0
107,226,0,0,1.5556,3.0963,3.5556,2.563,7.8519,5.7778,6.5556,11.222,-6.2222,-3.8889,10.111,11.222,0.52688,2.2594,6
111,246,0,0,3.1667,2.095,5.8333,4.1137,25.889,21.111,22.444,34.111,-14.333,-10.333,24.667,34.111,0.38897,2.214,6
222,189,0,0,0.83333,1.0055,1,1.1926,17.296,14.556,14.111,23.222,-8.2222,-9.5556,17.778,23.222,0.41042,2.0604,6
142,112,0,0,1.0556,0.49065,0.55556,0.34426,28.852,24.556,36.222,25.778,-12.889,22.111,-9.2222,36.222,0.32175,-2.2002,4
24,83,0,0,2.7778,4.9185,3.6111,2.3741,18.741,19.111,23.222,13.889,1.1111,13.444,-14.556,23.333,0.39993,-1.4568,0
196,241,0,0,1.5556,1.1287,1.1667,1.2065,8.2593,5.8889,7,11.889,-7.1111,-3.7778,10.889,11.889,0.50946,2.2774,6
156,86,0,0,2.2778,0.38968,0.27778,0.25092,20.444,15.889,28.556,16.889,-13.667,24.333,-10.667,28.556,0.4447,-2.1783,4
118,126,0,0,0.66667,0.4,1.8333,2.1222,20.556,16.111,28.667,16.889,-13.333,24.333,-11,28.667,0.43708,-2.1588,3
59,111,0,0,0.27778,0.15185,0.5,0.12222,5.4444,6.4444,7,2.8889,3,4.6667,-7.6667,7.2222,0.60119,-1.1814,0
36,243,0.11111,0,1.8889,1.8519,2,0.71111,13.333,9.8889,12.111,18,-10.333,-3.6667,14,18,0.45223,2.3683,6
196,161,0,0,2.7778,5.5407,11.778,93.985,41.963,36.556,51.222,38.111,-16.222,27.778,-11.556,51.333,0.28212,-2.3883,5
24,215,0.22222,0,0.83333,0.80966,2.5556,1.259,18.074,14.222,15.444,24.556,-11.556,-7.8889,19.444,24.556,0.42521,2.224,6
157,85,0,0,1.2222,1.2413,0.22222,0.17213,18.926,14.556,26.889,15.333,-13.111,23.889,-10.778,26.889,0.45902,-2.1609,4
223,185,0,0,0.5,0.3496,2.3889,2.0808,12.963,11.556,9.7778,17.556,-4.2222,-9.5556,13.778,17.556,0.44542,1.8388,6
193,154,0,0,1.7222,2.5519,2,1.8667,28.148,21.556,39.556,23.333,-19.778,34.222,-14.444,39.556,0.45353,-2.1911,3
188,182,0,0,1.6111,0.74287,4.1667,2.1266,58,51.889,72.444,49.667,-18.333,43.333,-25,72.444,0.31428,-1.9916,5
209,94,0,0,1,0.76012,0.61111,0.49065,9.1111,5.8889,15.222,6.2222,-9.6667,18.333,-8.6667,15.222,0.61971,-2.1293,4
223,150,0,0,0,0,0,0,0,0,0,0,0,0,0,0,0,0,4
158,195,0,0,2.4444,2.3444,2.8333,1.7224,11.704,9.4444,8.5556,17.111,-6.7778,-9.4444,16.222,17.111,0.51772,2.0112,6
202,140,0,0,0.72222,0.49065,0.44444,0.34427,1.037,0.77778,1.8889,0.44444,-0.77778,2.5556,-1.7778,1.8889,0.81481,-1.8389,4
222,62,0,0,0.27778,0.25092,0.66667,0.55777,6.4074,4.1111,11.444,3.6667,-6.8889,15.111,-8.2222,11.444,0.68081,-2.0342,4
141,62,0,0,1.8889,2.1185,3.3889,6.3741,27.37,23.778,37.667,20.667,-10.778,30.889,-20.111,37.667,0.45031,-1.8884,0
45,188,0,0,2.4444,2.7407,3.1111,7.5407,33.333,29.667,41.333,29,-11,24,-13,41.333,0.29987,-2.0407,5
9,92,0,0,1.3889,2.4185,2.5,0.87778,19.074,18.778,24.111,14.333,-0.88889,15.111,-14.222,24.111,0.40102,-1.5706,0
117,137,0,0,0.27778,0.38968,0.38889,0.25092,0.77778,0,2.2222,0.11111,-2.3333,4.3333,-2,2.2222,1,-2.1233,2
229,124,0,0,0.88889,0.074074,0.88889,0.34074,5.8889,7.1111,7.1111,3.4444,3.6667,3.6667,-7.3333,7.5556,0.54586,-1.0377,0
178,25,0,0,0.72222,0.32773,1.5556,1.2413,44.815,39.556,55,39.889,-15.778,30.556,-14.778,55,0.28458,-2.1188,3
112,102,0,0,0.55556,0.20741,1.5556,0.47407,3.3704,0.55556,7.6667,1.8889,-8.4444,12.889,-4.4444,7.6667,0.94074,-2.2752,2
185,35,0,0,1.3889,1.0417,1.1667,0.80966,109.11,96.444,125.44,105.44,-38,49,-11,125.44,0.23117,-2.4202,1
23,85,0,0,1.4444,1.0519,1.7778,0.96296,17.963,18.889,21.889,13.111,2.7778,11.778,-14.556,21.889,0.39975,-1.3869,0
80,87,0,0.11111,24.389,573,44.722,1386.3,67.444,58.778,79,64.556,-26,34.667,-8.6667,79,0.30628,-2.4221,2
181,186,0.11111,0,2.9444,2.7114,2.0556,1.6788,48.815,44.111,60.444,41.889,-14.111,34.889,-20.778,60.444,0.30703,-1.9685,5
245,176,0,0,1,0.5164,1,0.55777,18.481,15.111,17,23.333,-10.111,-4.4444,14.556,23.333,0.35207,2.3322,6
9,171,0,0,1.5,1.0055,2.7778,1.642,45.926,41,57.222,39.556,-14.778,33.889,-19.111,57.222,0.30794,-2.0107,5
168,13,0.11111,0,1.3333,0.44445,1.3333,0.4,130.41,119.67,145.44,126.11,-32.222,45.111,-12.889,145.44,0.17719,-2.3552,1
54,91,0,0,1.4444,1.5407,0.83333,0.25556,3.2593,0.55556,8,1.2222,-8.1111,14.222,-6.1111,8,0.94481,-2.1867,2
32,206,0,0.11111,2.8333,1.7733,5.6111,2.8081,57.63,50.444,72.111,50.333,-21.556,43.444,-21.889,72.111,0.30568,-2.0859,5
61,197,0,0,1.4444,1.5154,2.6111,1.9255,49.593,44.222,61.556,43,-16.111,35.889,-19.778,61.556,0.30292,-2.0223,5
210,153,0,0,0,0,0,0,0,0,0,0,0,0,0,0,0,0,4
92,56,0,0,0.44444,0.029629,0.83333,0.56667,126,115.89,140.67,121.44,-30.333,44,-13.667,140.67,0.17606,-2.3268,1
124,183,0,0,1.7778,0.42963,2.2778,4.1963,18.185,14.222,17.111,23.222,-11.889,-3.2222,15.111,23.222,0.38988,2.428,6
57,89,0,0,1.7222,1.3067,6.1667,4.7034,17,13,24.556,13.444,-12,22.667,-10.667,24.556,0.47749,-2.1297,4
59,99,0,0,0.77778,0.82963,1,0.35556,2.037,0.11111,5.5556,0.44444,-5.7778,10.556,-4.7778,5.5556,0.98611,-2.1497,2
215,89,0.22222,0,1.8889,1.587,2.3333,1.7256,18.037,14.444,25.111,14.556,-10.778,21.222,-10.444,25.111,0.43138,-2.1023,4
217,145,0,0,0.55556,0.16296,0.72222,0.062963,5.2963,6.3333,6.5556,3,3.1111,3.7778,-6.8889,7,0.56415,-1.069,0
172,140,0,0,3,0.42164,0.66667,0.42164,3.2222,2.6667,5,2,-1.6667,5.3333,-3.6667,5,0.65608,-1.8532,4
169,184,0.11111,0,1.2222,0.54433,2.5,1.9293,56.259,51.222,69,48.556,-15.111,38.222,-23.111,69,0.2956,-1.958,5
208,34,0,0,1.7222,1.731,0.44444,0.50185,14.444,10.778,21,11.556,-11,19.667,-8.6667,21,0.47996,-2.1624,4
253,32,0,0,0.5,0.58689,1.3333,0.55777,116.78,103.89,133.33,113.11,-38.667,49.667,-11,133.33,0.22075,-2.4212,1
41,93,0,0,0.72222,0.15185,1.0556,1.3963,112.3,103.89,128,105,-25.222,47.111,-21.889,128,0.18831,-2.1414,1
131,15,0.11111,0,0.88889,1.0518,1.8889,2.163,130.15,119.67,145.33,125.44,-31.444,45.556,-14.111,145.33,0.17649,-2.325,1
37,76,0,0,1.7778,0.91852,1.8333,1.8111,8.2593,3.7778,13.333,7.6667,-13.444,15.222,-1.7778,13.333,0.72301,-2.5202,2
23,147,0,0,0.33333,0.13333,0.72222,0.41852,4.5926,4.1111,7.4444,2.2222,-1.4444,8.5556,-7.1111,7.6667,0.69844,-1.5618,0
220,120,0,0,0.38889,0.062963,0.38889,0.062963,1,0,3,0,-3,6,-3,3,1,-2.0944,2
202,63,0,0,0.38889,0.32773,0.44444,0.27217,6.0741,4,10.556,3.6667,-6.2222,13.444,-7.2222,10.556,0.65354,-2.0446,4
69,139,0,0,2.8333,1.7733,2.1111,1.6689,18.074,16,22.556,15.667,-6.2222,13.444,-7.2222,23.889,0.38661,-1.7028,2
134,187,0,0,1.8889,1.5154,2.1111,1.7847,59.37,52.667,74.111,51.333,-20.111,44.222,-24.111,74.111,0.30746,-2.0335,5
147,34,0,0,4.6111,4.1549,0.77778,0.77936,47.593,41.111,60,41.667,-19.444,37.222,-17.778,60,0.31754,-2.1229,3
124,201,0,0,1.9444,1.9598,2.0556,1.3067,17.889,14,14.889,24.778,-11.667,-9,20.667,24.778,0.43972,2.177,6
146,140,0,0,1.0556,0.46296,1,0.57778,6.3333,7.8889,7.3333,3.7778,4.6667,3,-7.6667,8.2222,0.53702,-0.90927,0
114,121,0,0,0.44444,0.11852,0.61111,0.10741,6.4074,8,7.4444,3.7778,4.7778,3.1111,-7.8889,8,0.52822,-0.91432,0
149,182,0.11111,0,3.1111,3.2088,7,5.649,39.852,37.222,47.333,35,-7.8889,22.444,-14.556,47.333,0.24779,-1.8683,5
206,64,0,0,0.055556,0.13608,0.27778,0.13608,5.7037,3.6667,10.333,3.1111,-6.1111,13.889,-7.7778,10.333,0.69798,-2.0154,4
90,189,0,0,0.88889,0.77936,1.0556,0.82776,12.889,10.444,9.4444,18.778,-7.3333,-10.333,17.667,18.778,0.4971,1.9856,6
51,111,0,0,16.222,16.443,0.44444,0.34427,34.111,30.333,42.222,29.778,-11.333,24.333,-13,42.222,0.29035,-2.0057,3
182,134,0,0,0.61111,0.24074,0.72222,0.062963,5.8889,7.6667,6.6667,3.3333,5.3333,2.3333,-7.6667,7.8889,0.5776,-0.80604,0
231,124,0,0,3.4444,14.963,1.8333,6.4333,3,1.4444,5.8889,1.6667,-4.6667,8.6667,-4,5.8889,0.89537,-2.1189,2
167,189,0,0,3.7778,2.2377,3.7778,1.5444,58.407,51.333,72.444,51.444,-21.222,42.111,-20.889,72.444,0.29552,-2.1013,5
161,147,0,0,0,0,0,0,0,0,0,0,0,0,0,0,0,0,4
183,91,0,0,2.6667,0.89443,0.5,0.54772,14.444,11,21,11.333,-10.333,19.667,-9.3333,21,0.47678,-2.1285,4
90,189,0,0,0.88889,0.77936,1.0556,0.82776,12.889,10.444,9.4444,18.778,-7.3333,-10.333,17.667,18.778,0.4971,1.9856,6
185,188,0,0,1.7778,1.1287,2,1.2472,50.185,45,62.111,43.444,-15.556,35.778,-20.222,62.111,0.30043,-2.0074,5
14,28,0,0,0.55555,0.074075,1.2222,0.42963,110.48,97.889,131.11,102.44,-37.778,61.889,-24.111,131.11,0.2533,-2.2389,1
54,91,0,0,1.4444,1.5407,0.83333,0.25556,3.2593,0.55556,8,1.2222,-8.1111,14.222,-6.1111,8,0.94481,-2.1867,2
229,102,0,0,0.88889,0.72008,7.9444,5.4259,42.778,37,54.444,36.889,-17.333,35,-17.667,54.444,0.31827,-2.0886,3
78,201,0,0,2.8333,2.6562,5,4.0716,56.444,51.444,68.667,49.222,-15,36.667,-21.667,68.667,0.28043,-1.9695,5
116,203,0,0,3.0556,1.9484,2.9444,1.7565,19.519,15.444,17.667,25.444,-12.222,-5.5556,17.778,25.444,0.39387,2.3204,6
207,58,0,0,0.83333,0.45947,1,0.42164,122,110.11,138.78,117.11,-35.667,50.333,-14.667,138.78,0.2065,-2.3493,1
236,102,0,0,1.0556,0.062963,1.7778,1.2296,51.704,46.222,64.333,44.556,-16.444,37.889,-21.444,64.333,0.30701,-2.0099,3
125,46,0.11111,0,0.61111,0.61162,2.1667,0.78174,124.56,112.78,141,119.89,-35.333,49.333,-14,141,0.20012,-2.3577,1
221,107,0,0,1.1667,0.21111,0.83333,0.34444,2.2222,0.33333,5.3333,1,-5.6667,9.3333,-3.6667,5.3333,0.94709,-2.2264,2
68,135,0,0,0.83333,0.47778,0.33333,0.26667,6.2222,4,10.444,4.2222,-6.6667,12.667,-6,10.444,0.61759,-2.1255,4
174,96,0.22222,0,2.2222,0.68853,0.94444,0.87982,55.148,54.111,61,50.333,-3.1111,17.556,-14.444,61,0.17458,-1.7205,3
53,135,0,0,0.55556,0.20741,0.33333,0.088889,0.74074,0,2.1111,0.11111,-2.2222,4.1111,-1.8889,2.1111,0.88889,-2.1374,2
228,191,0,0,1.4444,0.62063,2.3333,1.1926,49.222,44,60.556,43.111,-15.667,34,-18.333,60.556,0.28958,-2.0405,5
115,75,0,0,0.94445,0.77408,1.0556,0.5963,126.07,115.89,141.22,121.11,-30.556,45.444,-14.889,141.22,0.17935,-2.3098,1
142,100,0,0,0.66667,0.26667,1.3889,0.90741,22.222,21.778,28.444,16.444,-1.3333,18.667,-17.333,28.444,0.42199,-1.6233,0
130,32,0,0,1.1111,1.047,0.83333,0.83666,59.481,54.222,70.889,53.333,-15.778,34.222,-18.444,70.889,0.249,-2.0424,3
201,125,0,0,1,0.44444,9.9444,103.75,42.815,39.111,51.778,37.556,-11.111,26.889,-15.778,51.778,0.27064,-1.973,3
23,85,0,0,1.4444,1.0519,1.7778,0.96296,17.963,18.889,21.889,13.111,2.7778,11.778,-14.556,21.889,0.39975,-1.3869,0
244,194,0,0,1.7222,1.1434,2.2778,2.0376,49.741,44.444,61.667,43.111,-15.889,35.778,-19.889,61.667,0.30085,-2.0218,5
79,28,0,0,4.2778,3.7619,0.83333,0.65828,62.407,53.444,79.111,54.667,-26.889,50.111,-23.222,79.111,0.32456,-2.1445,3
74,122,0,0,1.2222,1.2413,1.3333,0.69921,16.148,8,28.333,12.111,-24.444,36.556,-12.111,28.333,0.71822,-2.306,2
30,102,0,0,1.2222,0.11852,1.3333,0.8,20.259,20.333,25,15.444,0.22222,14.222,-14.444,25,0.38106,-1.5551,0
143,20,0,0,1.1111,0.75031,1.2778,0.92896,127.33,116.78,142.67,122.56,-31.667,46,-14.333,142.67,0.18148,-2.3269,1
188,110,0,0,0.77778,0.51852,0.77778,0.96296,4.2222,2.7778,7.4444,2.4444,-4.3333,9.6667,-5.3333,7.4444,0.67526,-2.0212,4
225,58,0,0,0.33333,0.42164,0.44444,0.34427,8.3333,5.5556,14.111,5.3333,-8.3333,17.333,-9,14.111,0.62222,-2.0686,4
112,30,0,0,0.55556,0.27216,1.2222,0.72008,113.26,100.78,130.11,108.89,-37.444,50.556,-13.111,130.11,0.22538,-2.3853,1
69,59,0,0,1.2778,0.95185,2.0556,1.4852,23.852,22.667,30.889,18,-3.5556,21.111,-17.556,30.889,0.4153,-1.6993,0
14,110,0,0,1.7222,5.3519,2.6667,1.0222,17.926,18.889,21.444,13.444,2.8889,10.556,-13.444,21.444,0.36885,-1.3451,0
39,17,0,0,1.1111,1.0887,0.88889,0.80737,71.185,63.333,87.333,62.889,-23.556,48.444,-24.889,87.333,0.28487,-2.0752,3
38,94,0.11111,0,1.3889,1.0417,0.88889,0.77936,68.111,61.111,82.667,60.556,-21,43.667,-22.667,82.667,0.26726,-2.0685,3
120,108,0,0,4.6111,3.4987,1.6667,1.5635,58.074,52.667,69.556,52,-16.222,34.444,-18.222,69.556,0.25246,-2.0539,3
222,62,0,0,0.27778,0.25092,0.66667,0.55777,6.4074,4.1111,11.444,3.6667,-6.8889,15.111,-8.2222,11.444,0.68081,-2.0342,4
220,149,0,0,0.11111,0.17213,0.11111,0.17213,0.037037,0,0.11111,0,-0.11111,0.22222,-0.11111,0.11111,0.11111,-2.0944,4
127,120,0.11111,0,1.6667,0.84444,3.2222,4.0296,23.667,22.111,30.444,18.444,-4.6667,20.333,-15.667,30.444,0.39486,-1.7649,0
249,200,0,0,2.5556,2.6218,2.5,1.2065,45.296,40.667,55.778,39.444,-13.889,31.444,-17.556,55.778,0.29278,-2.0166,5
196,134,0,0,0.55556,0.25185,0.77778,0.2963,6.0741,7.4444,7.1111,3.6667,4.1111,3.1111,-7.2222,7.7778,0.52998,-0.96632,0
69,92,0.11111,0,1.8889,4.5185,2,1.0222,19.37,20.222,23.333,14.556,2.5556,11.889,-14.444,23.333,0.37657,-1.4082,0
30,91,0,0,3.3889,6.463,3.2778,9.0407,6.2593,2.4444,12.111,4.2222,-11.444,17.556,-6.1111,12.111,0.82302,-2.2827,2
132,91,0,0.11111,18.944,188.51,33.444,889.36,42.815,35.889,52.667,39.889,-20.778,29.556,-8.7778,52.667,0.39882,-2.3461,2
104,41,0,0,0.38889,0.32773,0.83333,0.5869,112.11,99,129.33,108,-39.333,51.667,-12.333,129.33,0.23449,-2.4046,1
122,11,0,0,1,0.31112,2.8889,5.0519,143.44,136.89,150.89,142.56,-19.667,22.333,-2.6667,150.89,0.092773,-2.5216,1
86,140,0,0,5.4444,4.7687,3.0556,2.6784,9.9259,6,15.111,8.6667,-11.778,15.556,-3.7778,15.111,0.62794,-2.4178,2
163,177,0.11111,0,1.1667,0.7,2.5,0.78889,24.519,21.222,21.444,30.889,-9.8889,-9.2222,19.111,30.889,0.32114,2.1254,6
38,134,0,0,0.16667,0.18257,0.33333,0.21082,1.037,0,3.1111,0,-3.1111,6.2222,-3.1111,3.1111,1,-2.0944,4
62,26,0,0,0.77778,0.27217,0.44444,0.40369,112.22,98.333,130.89,107.44,-41.667,56,-14.333,130.89,0.2487,-2.3861,1
138,144,0,0,0.88889,0.86066,0.27778,0.53403,0.66667,0.55556,1,0.44444,-0.33333,1,-0.66667,1,0.37037,-1.9043,4
217,145,0,0,0.55556,0.16296,0.72222,0.062963,5.2963,6.3333,6.5556,3,3.1111,3.7778,-6.8889,7,0.56415,-1.069,0
114,145,0.11111,0,2.1667,1.3123,1,0.69921,61.111,52.444,76.778,54.111,-26,47,-21,76.778,0.31714,-2.1662,3
23,86,0,0,0.88889,0.65185,1.7222,1.3074,18.593,18.556,23.556,13.667,-0.11111,14.889,-14.778,23.556,0.41792,-1.5415,0
176,187,0,0,1.7778,1.6009,2.3333,2.0221,54.778,49,68,47.333,-17.333,39.667,-22.333,68,0.30413,-2.0096,5
148,169,0.11111,0,1.0556,0.77407,1.8333,2.6111,19.593,15.111,18.667,25,-13.444,-2.7778,16.222,25,0.39612,2.4678,6
40,35,0,0,0.72222,0.25092,1.0556,0.64693,69.444,61.778,85.333,61.222,-23,47.667,-24.667,85.333,0.28749,-2.0742,3
230,113,0,0,1.1111,0.50185,0.55556,0.54433,21.593,18.111,27.889,18.778,-10.444,18.889,-8.4444,27.889,0.35008,-2.1636,4
115,156,0,0,0.38889,0.38968,1.0556,0.64693,24.259,17.222,26,29.556,-21.111,5.2222,15.889,29.556,0.41733,2.8434,6
231,124,0,0,3.4444,14.963,1.8333,6.4333,3,1.4444,5.8889,1.6667,-4.6667,8.6667,-4,5.8889,0.89537,-2.1189,2
20,122,0,0,1.5556,1.1863,1.7778,1.4857,60.741,51.556,78.222,52.444,-27.556,52.444,-24.889,78.222,0.34236,-2.1284,3
97,46,0,0,1.6667,1.6193,2.2222,1.409,62.333,53.222,79.111,54.667,-27.333,50.333,-23,79.111,0.32672,-2.1523,3
81,79,0,0,0.44444,0.074074,0.88889,0.65185,45.815,42.889,53.889,40.667,-8.7778,24.222,-15.444,53.889,0.24521,-1.9189,3
195,161,0,0,2.1111,1.8074,10.5,91.322,41.481,36,51.111,37.333,-16.444,28.889,-12.444,51.222,0.29471,-2.3165,5
175,212,0.11111,0,1,0.66667,1.8333,1.3458,12.296,10,9,17.889,-6.8889,-9.8889,16.778,17.889,0.49876,1.9745,6
58,232,0,0,2.5,1.4556,2.5556,0.82963,14.704,11.222,13.556,19.333,-10.444,-3.4444,13.889,19.333,0.42348,2.4029,6
187,80,0,0,1.3333,0.71111,1.3333,0.71111,40.519,37.778,47.667,36.111,-8.2222,21.444,-13.222,47.667,0.24473,-1.9427,3
242,183,0,0,1.5,0.9369,2.1667,1.7981,15.37,12.667,12.444,21,-8.1111,-8.7778,16.889,21,0.42024,2.0759,6
123,68,0,0,0.94444,0.57413,0.72222,0.57413,107.37,94.222,126.33,101.56,-39.444,56.889,-17.444,126.33,0.25416,-2.3332,1
225,90,0,0,0.38889,0.25092,0.55556,0.45542,6.5926,4.6667,11.222,3.8889,-5.7778,13.889,-8.1111,11.222,0.65115,-1.9875,4
159,116,0.11111,0,0.44444,0.34427,2.0556,1.1039,29.815,25.667,37.111,26.667,-12.444,21.889,-9.4444,37.111,0.31029,-2.1775,4
238,59,0,0,0.83333,0.45947,1.0556,0.68041,121.7,109.22,139,116.89,-37.444,51.889,-14.444,139,0.2142,-2.3642,1
87,196,0.11111,0,1.3333,0.86923,2.2222,1.6689,61.593,55,75.667,54.111,-19.778,42.222,-22.444,75.667,0.28753,-2.0487,5
228,22,0,0,1.1111,0.86066,1.3889,0.97563,49.667,42.778,62.889,43.333,-20.667,39.667,-19,62.889,0.31947,-2.1235,3
18,66,0,0,8.6667,9.0897,10.944,5.2891,39.889,32.333,49.556,37.778,-22.667,29,-6.3333,49.556,0.35017,-2.4306,2
142,99,0,0,0.77778,0.45542,1.7222,1.3403,51.889,51.889,56,47.778,0,12.333,-12.333,56,0.14661,-1.5675,3
236,77,0,0,22.167,15.473,7.7222,8.373,32.778,30.222,37.667,30.444,-7.6667,14.667,-7,37.667,0.22524,-2.1234,3
48,83,0,0,2.2778,4.0185,2.3333,1.6889,6.2593,2.2222,11.889,4.6667,-12.111,16.889,-4.7778,11.889,0.82735,-2.345,2
95,97,0,0,0.61111,0.53403,0.77778,0.45542,19.593,15.333,27.778,15.667,-12.778,24.556,-11.778,27.778,0.44749,-2.1213,4
120,227,0,0,1.4444,1.1863,1.8889,0.80737,12.63,9.4444,11,17.444,-9.5556,-4.8889,14.444,17.444,0.45836,2.2918,6
61,197,0,0,1.4444,1.5154,2.6111,1.9255,49.593,44.222,61.556,43,-16.111,35.889,-19.778,61.556,0.30292,-2.0223,5
56,32,0,0,0.94445,0.41852,0.83333,0.65556,112.04,99.222,132.56,104.33,-38.444,61.556,-23.111,132.56,0.25142,-2.2557,1
118,85,0,0,3.2778,4.4185,2.2778,6.8185,8.1852,3.5556,14.889,6.1111,-13.889,20.111,-6.2222,14.889,0.77412,-2.3291,2
105,139,0,0,0.27778,0.10741,0.83333,0.52222,6.1111,7.5556,7.2222,3.5556,4.3333,3.3333,-7.6667,7.5556,0.53263,-0.96595,0
8,21,0.11111,0,0.61111,0.44305,2.0556,1.2187,125.59,113.44,142.44,120.89,-36.444,50.556,-14.111,142.44,0.20358,-2.3625,1
50,109,0,0,2.2222,1.2296,2,5.9111,5.6667,2.5556,9.6667,4.7778,-9.3333,12,-2.6667,9.6667,0.76073,-2.414,2
4,188,0,0,1.5556,0.68853,2.3333,0.76012,15.741,13.333,14,19.889,-7.2222,-5.2222,12.444,19.889,0.34241,2.2047,6
92,44,0.11111,0,0.72222,0.57414,1.1667,1.0488,123.81,113.44,138.11,119.89,-31.111,42.889,-11.778,138.11,0.17843,-2.3673,1
207,58,0,0,0.77778,0.34427,0.88889,0.58373,110.37,97.667,128.11,105.33,-38.111,53.222,-15.111,128.11,0.23757,-2.3573,1
163,68,0,0,1.8333,2.2111,1.5556,0.96296,56.778,52,68.222,50.111,-14.333,34.333,-20,68.222,0.26505,-1.9843,3
67,32,0,0,0.94444,1.0628,1.7778,1.3109,126.22,115.11,142.22,121.33,-33.333,48,-14.667,142.22,0.19063,-2.3337,1
93,190,0,0,5.5,1.8227,2.6111,3.2347,53.593,47.333,66.889,46.556,-18.778,39.889,-21.111,66.889,0.3036,-2.0525,5
217,208,0,0,2.5,2.1667,2.6667,2.4444,16.074,12.667,14.444,21.111,-10.222,-4.8889,15.111,21.111,0.40213,2.3109,6
108,59,0,0,0.5,0.16667,1.0556,0.28519,126.15,116.56,140.44,121.44,-28.778,42.889,-14.111,140.44,0.17009,-2.3086,1
32,158,0,0,0.94444,0.86296,0.83333,0.61111,7.963,6.3333,11.889,5.6667,-4.8889,11.778,-6.8889,11.889,0.52058,-1.9828,3
19,62,0,0,11.222,0.8861,0.66667,0.36515,62.815,53.778,80,54.667,-27.111,51.556,-24.444,80,0.32936,-2.1262,3
95,47,0,0,0.72222,0.32963,1.5,0.47778,107.11,93.222,128.78,99.333,-41.667,65,-23.333,128.78,0.27596,-2.2711,1
135,211,0,0,1.8889,1.3278,2.1667,1.1499,17.963,14.444,16.333,23.111,-10.556,-4.8889,15.444,23.111,0.37555,2.3275,6
206,105,0,0,0.27778,0.062963,0.61111,0.15185,50.185,45.667,60.889,44,-13.556,32.111,-18.556,60.889,0.27711,-1.992,3
18,142,0,0,0.77778,0.65185,0.27778,0.15185,0.55556,0.11111,1.3333,0.22222,-1.3333,2.3333,-1,1.3333,0.41667,-2.1596,2
78,201,0,0,2.8333,2.6562,5,4.0716,56.444,51.444,68.667,49.222,-15,36.667,-21.667,68.667,0.28043,-1.9695,5
85,200,0,0,4.5,4.3243,6.0556,4.3278,58.593,52.222,72.667,50.889,-19.111,42.222,-23.111,72.667,0.30018,-2.0288,5
81,229,0.11111,0,2.4444,0.78519,2.0556,3.2185,10.926,7.4444,10.667,14.667,-10.444,-0.77778,11.222,14.667,0.49614,2.5575,6
121,154,0,0,0.44444,0.11852,2.6111,5.7519,1.8519,1.5556,3,1,-0.88889,3.4444,-2.5556,3,0.53439,-1.9059,4
69,136,0,0,3.1111,2.81,2.7778,3.167,19.444,16.889,25.778,15.667,-7.6667,19,-11.333,26.667,0.42529,-1.6157,2
188,73,0,0,1.0556,0.92896,2.2778,1.9935,40.185,35.667,49.778,35.111,-13.556,28.778,-15.222,49.778,0.2971,-2.055,3
49,240,0,0.11111,3.0556,1.6387,2.0556,1.7438,20.444,15.222,18.778,27.333,-15.667,-5,20.667,27.333,0.44581,2.4208,6
142,99,0,0,0.77778,0.45542,1.7222,1.3403,51.889,51.889,56,47.778,0,12.333,-12.333,56,0.14661,-1.5675,3
206,57,0,0,1.0556,0.1963,0.88889,0.34074,122.33,111.33,139,116.67,-33,50,-17,139,0.19892,-2.2972,1
210,47,0,0,0.5,0.21111,0.66667,0.48889,97.111,82.556,121.44,87.333,-43.667,73,-29.333,121.44,0.3201,-2.2232,1
3,21,0,0,0.44445,0.60741,1.2222,0.11852,130.15,120.78,143.22,126.44,-28.111,39.222,-11.111,143.22,0.15668,-2.3572,1
110,92,0.11111,0,1.8889,4.0296,2.2778,3.5296,7.4444,3.2222,12.667,6.4444,-12.667,15.667,-3,12.667,0.75901,-2.4522,2
188,42,0,0,0.77778,0.54433,1.6667,1.2649,108.93,95.667,126.22,104.89,-39.778,51.889,-12.111,126.22,0.24193,-2.4104,1
120,51,0,0,1.0556,0.71232,2.0556,0.74287,124.41,113.22,141.11,118.89,-33.556,50.111,-16.556,141.11,0.19757,-2.3053,1
8,39,0.11111,0,1.3889,1.1296,1.8333,0.7,113.37,102.56,132,105.56,-32.444,55.889,-23.444,132,0.22295,-2.1982,1
185,110,0,0,18.444,375.1,1.2778,0.5963,50.667,46.111,60.444,45.444,-13.667,29.333,-15.667,60.444,0.24925,-2.0325,3
166,66,0,0,0.77778,0.65546,5.2778,4.9595,41.63,40.556,46.333,38,-3.2222,14.111,-10.889,46.333,0.17887,-1.7485,3
107,21,0,0,0.66666,0.5164,1.1667,0.40825,126.78,115.78,141.89,122.67,-33,45.333,-12.333,141.89,0.18402,-2.3704,1
245,93,0.11111,0,2.8889,3.8963,1.9444,4.9074,86.296,70.667,112.11,76.111,-46.889,77.444,-30.556,112.11,0.36964,-2.2316,1
140,16,0,0,0.5,0.34444,0.88889,0.38518,111.81,99.111,131.11,105.22,-38.111,57.889,-19.778,131.11,0.24402,-2.2939,1
214,84,0,0,0.22222,0.27217,0.44444,0.34426,17.185,13,24.889,13.667,-12.556,23.111,-10.556,24.889,0.47722,-2.1529,4
160,168,0,0,1.5,1.1499,0.66667,0.4714,25.111,20.889,23,31.444,-12.667,-6.3333,19,31.444,0.33539,2.3021,6
139,113,0,0,0.94444,0.97563,0.66667,0.42164,29.333,24.889,37,26.111,-13.333,23,-9.6667,37,0.32738,-2.1998,4
14,90,0.11111,0,2.9444,2.4351,3.3333,3.2111,5,2.5556,7.3333,5.1111,-7.3333,7,0.33333,7.3333,0.72529,-2.6394,2
108,75,0.11111,0,0.66667,0.4714,11.111,10.015,116.7,105.89,133,111.22,-32.444,48.889,-16.444,133,0.20299,-2.2955,1
2,63,0,0,1.2222,0.56296,1.5,0.7,18.074,17.222,23.667,13.333,-2.5556,16.778,-14.222,23.667,0.43502,-1.6838,0
88,91,0,0,1.0556,0.82776,0.72222,0.7722,104.89,92.556,123.44,98.667,-37,55.667,-18.667,123.44,0.2502,-2.3005,1
215,193,0,0,2,0.5164,4.8333,1.2953,45.222,40.889,55.333,39.444,-13,30.333,-17.333,55.333,0.28924,-2.0001,5
226,131,0,0,0,0,0,0,0,0,0,0,0,0,0,0,0,0,4
139,121,0,0,1.0556,0.41852,1.1667,0.83333,3.7037,0.77778,7.7778,2.5556,-8.7778,12.222,-3.4444,7.7778,0.90741,-2.3515,2
180,97,0,0,0.94444,0.32963,1,0.66667,134.37,126.56,145.44,131.11,-23.444,33.222,-9.7778,145.44,0.12985,-2.3462,1
243,120,0,0,4.4444,4.3597,1.5556,1.8338,47.852,44.778,56.333,42.444,-9.2222,25.444,-16.222,56.333,0.24532,-1.9107,3
226,83,0,0,0.88889,0.51852,1.0556,0.50741,90.63,74.556,116.89,80.444,-48.222,78.778,-30.556,116.89,0.36206,-2.2391,1
222,54,0,0,1.1667,0.16667,1,0.84444,134.33,127.56,145.56,129.89,-20.333,33.667,-13.333,145.56,0.12431,-2.2316,1
14,138,0,0,0.5,0.12222,0.5,0.077778,4.963,6.7778,5.4444,2.6667,5.4444,1.4444,-6.8889,6.7778,0.60384,-0.72289,0
177,130,0,0,0.055556,0.13608,0.22222,0.27217,1.1852,0.66667,2.8889,0,-1.5556,5.1111,-3.5556,2.8889,1,-1.8612,4
68,103,0,0,0.66667,0.57778,1.1111,0.96296,2.1481,0.11111,5.6667,0.66667,-6.1111,10.556,-4.4444,5.6667,0.98765,-2.1855,2
142,163,0,0,1.5,0.87778,17.667,3.2445,40.444,35,48.556,37.778,-16.333,24.333,-8,48.556,0.26898,-2.3927,5
147,111,0,0,0.38889,0.15185,0.44444,0.11852,5.6667,7,7,3,4,4,-8,7.3333,0.59127,-1.0414,0
221,111,0,0,0.61111,0.24074,0.38889,0.24074,1.3333,0,4,0,-4,8,-4,4,1,-2.0944,2
3,21,0,0,0.44445,0.60741,1.2222,0.11852,130.15,120.78,143.22,126.44,-28.111,39.222,-11.111,143.22,0.15668,-2.3572,1
173,186,0,0.11111,3.2222,2.1152,5.5,3.5071,53.444,48.222,65.889,46.222,-15.667,37.333,-21.667,65.889,0.2983,-1.9882,5
111,246,0,0,3.1667,2.095,5.8333,4.1137,25.889,21.111,22.444,34.111,-14.333,-10.333,24.667,34.111,0.38897,2.214,6
25,138,0.11111,0,1.2778,1.1434,0.72222,0.49065,5.1852,2,9.3333,4.2222,-9.5556,12.444,-2.8889,9.3333,0.79001,-2.4068,2
183,105,0,0,2.1111,1.1407,0.77778,0.65185,65.556,60,78.778,57.889,-16.667,39.667,-23,78.778,0.26499,-1.9895,3
2,63,0,0,1.2222,0.56296,1.5,0.7,18.074,17.222,23.667,13.333,-2.5556,16.778,-14.222,23.667,0.43502,-1.6838,0
143,89,0,0,2.6667,2.1909,0.33333,0,18,14,25.778,14.222,-12,23.333,-11.333,25.778,0.45909,-2.113,4
29,85,0,0,2.8333,2.942,2.3889,3.0508,4.0741,2.1111,6.7778,3.3333,-5.8889,8.1111,-2.2222,6.7778,0.76296,-2.3699,2
237,191,0,0,1,0.31111,1.5,1.0111,7.3333,5.3333,5.4444,11.222,-6,-5.6667,11.667,11.222,0.53582,2.1224,6
24,58,0,0,0.88889,0.16296,1.3889,2.2852,20.926,20,27.333,15.444,-2.7778,19.222,-16.444,27.333,0.43474,-1.6851,0
181,87,0,0,1.2222,0.47407,0.77778,0.20741,135.41,127.89,146.44,131.89,-22.556,33.111,-10.556,146.44,0.12657,-2.3129,1
226,131,0,0,0,0,0,0,0,0,0,0,0,0,0,0,0,0,4
64,186,0,0,2.1667,1.9444,6.8333,53.589,30.778,27.556,37.889,26.889,-9.6667,21.333,-11.667,37.889,0.27673,-2.0463,5
242,57,0,0.11111,2.4444,2.3539,9.2778,2.7602,15.37,11.333,20.889,13.889,-12.111,16.556,-4.4444,20.889,0.46631,-2.3706,4
99,103,0,0,1,0.4,0.83334,0.43333,64.444,58.333,78.111,56.889,-18.333,41,-22.667,78.111,0.27157,-2.0226,3
122,123,0,0,0.61111,0.37407,0.5,0.21111,1.1852,0,3.3333,0.22222,-3.5556,6.4444,-2.8889,3.3333,1,-2.1427,2
18,43,0,0,1.8889,1.7722,1.5556,1.2232,64.704,54.889,82.556,56.667,-29.444,53.556,-24.111,82.556,0.33512,-2.1606,3
90,189,0,0,0.88889,0.77936,1.0556,0.82776,12.889,10.444,9.4444,18.778,-7.3333,-10.333,17.667,18.778,0.4971,1.9856,6
79,57,0,0,1.7222,1.6185,1.9444,1.9741,26.815,24,36.222,20.222,-8.4444,28.222,-19.778,36.222,0.44051,-1.8377,0
103,65,0,0,1.2778,1.0835,1.2222,0.91084,60.148,53.778,73.889,52.778,-19.111,41.222,-22.111,73.889,0.28705,-2.0419,3
124,101,0,0.11111,3.3889,27.974,6.4444,59.496,10.185,5.7778,15.556,9.2222,-13.222,16.111,-2.8889,15.556,0.70009,-2.448,2
125,149,0,0,0,0,0,0,0,0,0,0,0,0,0,0,0,0,4
64,114,0,0,5.1667,6.3202,8.8333,8.6686,29.815,18.333,47.222,23.889,-34.444,52.222,-17.778,47.222,0.62925,-2.2954,2
189,115,0,0,0.16667,0.033333,0.33333,0.13333,6.6667,8.2222,7.8889,3.8889,4.6667,3.6667,-8.3333,8.4444,0.53858,-0.96514,0
95,57,0,0,1.8333,3.4111,2.1111,1.7185,26.296,24.667,34.444,19.778,-4.8889,24.444,-19.556,34.444,0.42569,-1.739,0
23,172,0,0,1.3333,0.89443,9.1667,5.8566,42.333,38,51.222,37.778,-13,26.667,-13.667,51.222,0.26545,-2.1266,5
58,232,0,0,2.5,1.4556,2.5556,0.82963,14.704,11.222,13.556,19.333,-10.444,-3.4444,13.889,19.333,0.42348,2.4029,6
140,125,0,0,0.66667,0.22222,2.6667,3.7778,3.9259,1.5556,7.7778,2.4444,-7.1111,11.556,-4.4444,7.7778,0.8532,-2.2342,2
252,76,0,0,1.7222,1.1434,0.55555,0.34427,42.296,36,54.111,36.778,-18.889,35.444,-16.556,54.111,0.33488,-2.139,3
24,93,0,0,1.6111,0.7722,2.0556,1.731,62.852,54.778,79.222,54.556,-24.222,49.111,-24.889,79.222,0.31554,-2.0837,3
82,120,0,0,5.6667,46.933,5.9444,60.063,6.963,3.3333,12.778,4.7778,-10.889,17.444,-6.5556,12.778,0.82289,-2.2401,2
235,35,0,0,0.44445,0.2963,1.2222,0.60741,97.926,83,122,88.778,-44.778,72.222,-27.444,122,0.3195,-2.2482,1
228,20,0,0,1.0556,0.49066,0.83333,0.75277,125,114,140.56,120.44,-33,46.667,-13.667,140.56,0.18889,-2.348,1
213,14,0,0,1.0556,0.57413,1.6667,1.3333,117,104.22,134.11,112.67,-38.333,51.333,-13,134.11,0.22286,-2.3904,1
20,170,0,0,0.77778,0.78518,1.1111,0.56296,19.556,15.111,18.889,24.667,-13.333,-2,15.333,24.667,0.38747,2.5044,6
107,226,0,0,1.5556,3.0963,3.5556,2.563,7.8519,5.7778,6.5556,11.222,-6.2222,-3.8889,10.111,11.222,0.52688,2.2594,6
24,205,0,0,2.2222,1.587,2.3889,2.4892,56.074,49.778,69.778,48.667,-18.889,41.111,-22.222,69.778,0.30391,-2.0383,5
89,221,0,0,1.3889,1.4852,1.4444,1.5852,14.074,10.667,12.444,19.111,-10.222,-4.8889,15.111,19.111,0.44601,2.3172,6
81,145,0,0.11111,4.5556,4.5346,7.5,6.1128,13.444,9.8889,20.111,10.333,-10.667,20,-9.3333,20.111,0.53273,-2.0623,2
34,137,0,0,0.5,0.16667,1.1111,0.47407,5.8519,7.7778,6.4444,3.3333,5.7778,1.7778,-7.5556,7.7778,0.57363,-0.74427,0
138,137,0.11111,0,1.6667,1.7778,1,0.17778,7.6296,3.1111,13.889,5.8889,-13.556,18.778,-5.2222,13.889,0.77987,-2.3608,2
178,134,0,0,0.11111,0.17213,0.22222,0.27217,1.8519,1,3.8889,0.66667,-2.5556,6.1111,-3.5556,3.8889,0.83333,-1.9978,4
41,93,0,0,0.72222,0.15185,1.0556,1.3963,112.3,103.89,128,105,-25.222,47.111,-21.889,128,0.18831,-2.1414,1
97,46,0,0,1.6667,1.6193,2.2222,1.409,62.333,53.222,79.111,54.667,-27.333,50.333,-23,79.111,0.32672,-2.1523,3
62,223,0,0,2.5,5.7222,1.6667,2.4444,6.6667,4.8889,4.6667,10.444,-5.3333,-6,11.333,10.444,0.59315,2.0466,6
120,17,0,0,1.3889,0.55185,1.8889,1.1407,129.56,118.78,143.56,126.33,-32.333,42,-9.6667,143.56,0.17263,-2.413,1
11,118,0,0,0.27778,0.15185,0.38889,0.062963,0.7037,0,2,0.11111,-2.1111,3.8889,-1.7778,2,1,-2.1326,2
134,29,0,0,0.77778,0.40369,0.44444,0.40369,112.07,98.556,130.56,107.11,-40.556,55.444,-14.889,130.56,0.24509,-2.3732,1
72,118,0,0,0.27778,0.062963,0.55556,0.11852,5.4815,6.5556,6.6667,3.2222,3.2222,3.5556,-6.7778,7.1111,0.54586,-1.0533,0
190,96,0,0,0.38889,0.1963,0.94445,0.41852,90.815,76,115.67,80.778,-44.444,74.556,-30.111,115.67,0.34294,-2.22,1
124,113,0,0,0.38889,0.38968,0.27778,0.32773,0.96296,0,2.7778,0.11111,-2.8889,5.4444,-2.5556,2.7778,1,-2.1233,2
7,90,0,0,1.2778,0.85418,2.4444,2.0184,4.6667,2.5556,5.7778,5.6667,-6.3333,3.3333,3,6.2222,0.66534,-3.0442,2
14,95,0,0,1.3333,0.69921,1.1111,0.62063,2.2593,0.66667,3.8889,2.2222,-4.7778,4.8889,-0.11111,3.8889,0.87407,-2.5527,2
233,105,0,0,6.2778,2.3134,0.94444,0.74287,15.185,12.667,19.778,13.111,-7.5556,13.778,-6.2222,19.778,0.35377,-2.1616,4
78,186,0,0,2.8333,2.1222,3.5556,4.2074,35.296,31.222,43.889,30.778,-12.222,25.778,-13.556,43.889,0.30229,-2.0601,5
81,145,0,0.11111,4.5556,4.5346,7.5,6.1128,13.444,9.8889,20.111,10.333,-10.667,20,-9.3333,20.111,0.53273,-2.0623,2
176,118,0,0,0.38889,0.15185,0.72222,0.1963,6.0741,7.6667,7,3.5556,4.7778,2.7778,-7.5556,7.6667,0.5377,-0.87829,0
248,160,0,0,3,8.8889,2.1667,3.7667,43.926,37.111,57.111,37.556,-20.444,39.556,-19.111,57.111,0.35404,-2.1138,5
236,117,0,0,0.77778,0.40369,1.2778,0.74287,45.889,39.556,58.444,39.667,-19,37.667,-18.667,58.444,0.33048,-2.0995,3
113,128,0,0,0.22222,0.074074,0.38889,0.15185,0.74074,0,2.2222,0,-2.2222,4.4444,-2.2222,2.2222,1,-2.0944,2
201,34,0,0,4.2778,3.0581,0.44444,0.40369,13.741,9.7778,20.889,10.556,-11.889,21.444,-9.5556,20.889,0.54486,-2.1629,4
186,173,0,0,1.4444,0.82963,2.1111,1.9852,17.148,13.556,15.556,22.333,-10.778,-4.7778,15.556,22.333,0.39643,2.3327,6
187,80,0,0,1.3333,0.71111,1.3333,0.71111,40.519,37.778,47.667,36.111,-8.2222,21.444,-13.222,47.667,0.24473,-1.9427,3
76,89,0,0,1.0556,0.95258,3.2778,2.4533,16.815,12.889,24.444,13.111,-11.778,22.889,-11.111,24.444,0.47305,-2.1118,4
160,41,0,0,0.83333,0.80966,0.22222,0.17213,0.7037,0.55556,1.2222,0.33333,-0.44444,1.5556,-1.1111,1.2222,0.53704,-1.8451,4
80,124,0,0,0.55556,0.16296,0.44444,0.02963,5.1111,6.6667,6,2.6667,4.6667,2.6667,-7.3333,6.7778,0.60847,-0.87771,0
184,145,0,0,0.72222,0.61162,0.22222,0.27217,0.55556,0.33333,1.2222,0.11111,-0.66667,2,-1.3333,1.2222,0.52778,-1.9209,4
85,56,0,0,1.3333,0.4,1.2778,1.8407,26.444,23.333,36,20,-9.3333,28.667,-19.333,36,0.44279,-1.8632,0
19,55,0,0,1.4444,2.8296,1.2778,0.86296,21.037,20.556,26.667,15.889,-1.4444,16.889,-15.444,26.667,0.40479,-1.6344,0
77,186,0,0,2,2.6667,2.3333,3.5556,34.963,31.111,43.444,30.333,-11.556,25.444,-13.889,43.444,0.30338,-2.0366,5
165,99,0,0,0.88889,0.47407,0.77778,0.47407,93.407,79,118,83.222,-43.222,73.778,-30.556,118,0.33042,-2.2078,1
214,121,0,0,0.27778,0.062963,0.11111,0.074074,1.1481,0,3.3333,0.11111,-3.4444,6.5556,-3.1111,3.3333,1,-2.1326,2
200,147,0,0,0.22222,0.54433,0.44444,0.68853,0.2963,0.22222,0.44444,0.22222,-0.22222,0.44444,-0.22222,0.44444,0.11111,-2.0944,4
32,88,0,0,0.83333,0.3496,1.1111,0.72008,67.259,57.889,85,58.889,-28.111,53.222,-25.111,85,0.32012,-2.132,3
97,46,0,0,1.6667,1.6193,2.2222,1.409,62.333,53.222,79.111,54.667,-27.333,50.333,-23,79.111,0.32672,-2.1523,3
117,246,0,0,2.2778,5.6185,2.6667,5.8667,15.444,12,14.333,20,-10.333,-3.3333,13.667,20,0.39595,2.3957,6
158,76,0,0,0.83333,0.65828,3.2778,3.0653,34.852,31.889,42,30.667,-8.8889,21.444,-12.556,42,0.27031,-1.9815,3
157,20,0,0,1.3333,0.76012,4.9444,4.4792,35.481,32,42.778,31.667,-10.444,21.889,-11.444,42.778,0.26196,-2.0452,3
237,191,0,0,1,0.31111,1.5,1.0111,7.3333,5.3333,5.4444,11.222,-6,-5.6667,11.667,11.222,0.53582,2.1224,6
49,42,0,0,2.6111,0.92896,1.3333,0.89443,58.889,50.667,74.556,51.444,-24.667,47,-22.333,74.556,0.32293,-2.1257,3
65,75,0,0,0.61111,0.32963,0.72222,0.1963,21.333,21.111,27.111,15.778,-0.66667,17.333,-16.667,27.111,0.41705,-1.5902,0
133,102,0,0.11111,22.056,374.6,29.889,488.03,44.037,37.444,52.667,42,-19.778,25.889,-6.1111,52.667,0.39789,-2.4168,2
88,88,0,0,0.83333,0.47778,2.8889,2.3852,22.148,21.333,28.444,16.667,-2.4444,18.889,-16.444,28.444,0.41331,-1.6538,0
230,113,0,0,1.1111,0.50185,0.55556,0.54433,21.593,18.111,27.889,18.778,-10.444,18.889,-8.4444,27.889,0.35008,-2.1636,4
127,120,0.11111,0,1.6667,0.84444,3.2222,4.0296,23.667,22.111,30.444,18.444,-4.6667,20.333,-15.667,30.444,0.39486,-1.7649,0
231,30,0,0.11111,0.72222,0.71233,3,2.7968,7.037,4.7778,11.667,4.6667,-6.7778,13.889,-7.1111,11.667,0.61372,-2.0473,4
51,141,0,0,0.55556,0.11852,0.22222,0.074074,0.7037,0.33333,1.7778,0,-1.1111,3.2222,-2.1111,1.7778,0.88889,-1.9212,4
114,242,0,0,2.7222,2.4533,4.6667,1.9206,24.074,19.222,22.444,30.556,-14.556,-4.8889,19.444,30.556,0.37169,2.3958,6
114,121,0,0,0.44444,0.11852,0.61111,0.10741,6.4074,8,7.4444,3.7778,4.7778,3.1111,-7.8889,8,0.52822,-0.91432,0
90,122,0.11111,0,1.6667,1.3984,1.1667,0.69121,16.185,10.222,25.333,13,-17.889,27.444,-9.5556,25.333,0.58474,-2.2473,2
120,136,0,0,0.61111,0.41852,1,0.44444,6.2593,7.7778,7.2222,3.7778,4.5556,2.8889,-7.4444,8,0.52954,-0.92461,0
232,31,0,0,0.55555,0.34427,0.77778,0.34427,114.96,101.89,132.56,110.44,-39.222,52.778,-13.556,132.56,0.23132,-2.3849,1
96,236,0,0,1.7222,3.8407,1.7222,1.1296,13.963,10.778,12.444,18.667,-9.5556,-4.5556,14.111,18.667,0.42424,2.3206,6
54,134,0,0,0.22222,0.02963,0.055556,0.018519,0.51852,0,1.5556,0,-1.5556,3.1111,-1.5556,1.5556,1,-2.0944,4
178,43,0,0,1.1667,1.1,1.1111,0.74074,125.26,115.67,140.22,119.89,-28.778,44.889,-16.111,140.22,0.17495,-2.2707,1
91,120,0,0,1.3889,0.92896,0.61111,0.7722,16.852,11.222,25.778,13.556,-16.889,26.778,-9.8889,25.778,0.56216,-2.2308,2
96,138,0,0,0.72222,0.64693,0.94444,0.71233,1.1481,0.11111,2.7778,0.55556,-3.1111,4.8889,-1.7778,2.7778,0.97778,-2.2192,2
96,13,0,0,0.83333,0.47778,0.55556,0.20741,131.78,122.11,144.78,128.44,-29,39,-10,144.78,0.15657,-2.3863,1
183,111,0,0,0.66667,0.31111,1.0556,0.50741,5.7037,6.8889,7,3.2222,3.5556,3.8889,-7.4444,7.3333,0.56614,-1.0651,0
161,73,0,0,0.83333,0.50552,0.61111,0.38968,43.852,43,48.778,39.778,-2.5556,14.778,-12.222,48.778,0.18438,-1.7204,3
152,199,0,0,1.1111,0.51852,0.83333,0.25556,17.963,15.222,15.444,23.222,-8.2222,-7.5556,15.778,23.222,0.34806,2.1295,6
174,178,0,0,1.3889,2.6852,5,10.4,19.556,17,18.111,23.556,-7.6667,-4.3333,12,23.556,0.29896,2.2741,6
198,183,0,0,1.0556,1.1816,3.3889,1.5975,54.037,48.889,66.556,46.667,-15.444,37.556,-22.111,66.556,0.29862,-1.975,5
199,97,0.11111,0,2.7222,1.2546,0.5,0.18257,47.815,46,54.111,43.333,-5.4444,18.889,-13.444,54.111,0.19935,-1.8368,3
4,201,0,0.22222,2.7222,1.6788,5.2222,3.1246,53.704,47.111,67.222,46.778,-19.778,40.556,-20.778,67.222,0.30886,-2.0752,5
223,62,0,0,0.33333,0.29814,0.44444,0.50185,6.4444,4.1111,11.444,3.7778,-7,15,-8,11.444,0.67037,-2.0487,4
114,184,0,0,0.72222,0.32963,9.3889,28.952,31.185,28.444,37.111,28,-8.2222,17.778,-9.5556,37.111,0.23234,-2.1603,5
94,127,0,0,0.77778,0.50185,0.77778,0.68853,2.7407,0.55556,5.5556,2.1111,-6.5556,8.4444,-1.8889,5.5556,0.91534,-2.4089,2
188,73,0,0,1.0556,0.92896,2.2778,1.9935,40.185,35.667,49.778,35.111,-13.556,28.778,-15.222,49.778,0.2971,-2.055,3
138,133,0,0,0.66667,0.44444,1.1667,0.21111,6.4444,7.7778,7.8889,3.6667,4,4.3333,-8.3333,8.2222,0.5582,-1.0777,0
97,116,0,0,0.72222,0.1963,0.55556,0.20741,6.6296,7.5556,8.4444,3.8889,2.7778,5.4444,-8.2222,8.5556,0.54652,-1.2339,0
18,90,0,0,1.0556,0.37407,0.66667,0.22222,2.8148,0.55556,6.8889,1,-6.7778,12.222,-5.4444,6.8889,0.92615,-2.1643,2
10,223,0.11111,0,1.5,1.0698,3.5556,2.9489,15.037,13.778,12.889,18.444,-3.7778,-6.4444,10.222,18.444,0.33067,1.9109,6
108,212,0,0,2,1.4222,1.5556,1.9852,8.037,6,6.7778,11.333,-6.1111,-3.7778,9.8889,11.333,0.51339,2.2426,6
137,182,0,0,1.8333,3.8556,3.6111,9.2185,34.926,31.444,42.889,30.444,-10.444,23.889,-13.444,42.889,0.28576,-2.0011,5
174,50,0,0,1,0.76012,0.94445,0.95258,107.44,94.667,125.78,101.89,-38.333,55,-16.667,125.78,0.24734,-2.3373,1
34,115,0,0,0.5,0.38889,0.77778,0.60741,6.2963,7.3333,7.8889,3.6667,3.1111,4.7778,-7.8889,8,0.54189,-1.1755,0
219,132,0,0,1.4444,0.65546,1.1111,0.75031,35.222,29.556,45.667,30.444,-17,31.333,-14.333,45.667,0.35475,-2.147,3
161,136,0,0,0.61111,0.1963,0.44444,0.074074,5.6296,7.1111,6.4444,3.3333,4.4444,2.4444,-6.8889,7.2222,0.53571,-0.89653,0
26,90,0,0,0.61111,0.37408,1.2778,0.28519,113.11,105.67,128.33,105.33,-22.333,45.667,-23.333,128.33,0.18179,-2.0784,1
14,66,0,0,1.5556,1.0074,1.5,1.0111,18.667,18.556,24,13.444,-0.33333,16,-15.667,24,0.43785,-1.5693,0
50,50,0,0,0.77778,0.65546,0.77778,0.50185,124.11,113.11,140.89,118.33,-33,50.333,-17.333,140.89,0.19716,-2.2883,1
53,198,0,0,1.7222,1.8549,5.1111,1.6009,51.667,45.556,64.222,45.222,-18.333,37.667,-19.333,64.222,0.29971,-2.0726,5
22,200,0,0,2.8889,2.4099,4.8333,2.6226,54.704,47.889,69,47.222,-20.444,42.889,-22.444,69,0.31736,-2.0657,5
8,93,0,0,0.83333,0.45947,1.0556,0.92896,19.889,15.111,28.889,15.667,-14.333,27,-12.667,28.889,0.48025,-2.1362,4
181,115,0,0,0.22222,0.02963,1.4444,1.2296,132.78,123.22,145.33,129.78,-28.667,37.667,-9,145.33,0.15213,-2.4055,1
80,72,0,0,1.2222,1.0037,1.4444,1.1675,59,51.333,74.444,51.222,-23,46.333,-23.333,74.444,0.31461,-2.0902,3
165,99,0,0,0.88889,0.47407,0.77778,0.47407,93.407,79,118,83.222,-43.222,73.778,-30.556,118,0.33042,-2.2078,1
99,156,0,0,2.0556,2.6407,2.5,5.1889,21,16.778,29.222,17,-12.667,24.667,-12,29.222,0.43132,-2.1094,3
214,194,0,0,1.2222,1.0256,3.2222,1.6953,45.074,40.222,55.444,39.556,-14.556,31.111,-16.556,55.444,0.29197,-2.047,5
234,161,0,0,0.88889,0.50185,1.6111,1.405,19.037,15.111,17,25,-11.778,-6.1111,17.889,25,0.3956,2.2927,6
67,118,0,0,1.1111,0.38519,2.2778,4.2852,21.111,20.222,27.333,15.778,-2.6667,18.667,-16,27.333,0.41688,-1.6207,0
38,189,0,0,1,0.22222,6.2222,33.319,29.074,26.333,35.222,25.667,-8.2222,18.444,-10.222,35.222,0.27121,-2.0491,5
6,120,0,0,0.33333,0.088889,0.5,0.077778,1.1481,0.22222,3,0.22222,-2.7778,5.5556,-2.7778,3,1,-2.0573,2
59,139,0,0,6.8889,6.963,1.6667,0.8,16.37,12.444,23.667,13,-11.778,21.889,-10.111,23.667,0.48273,-2.1182,3
249,200,0,0,2.5556,2.6218,2.5,1.2065,45.296,40.667,55.778,39.444,-13.889,31.444,-17.556,55.778,0.29278,-2.0166,5
84,40,0,0,1.1667,0.16667,1.2222,2.1185,127.41,117.44,142.22,122.56,-29.889,44.444,-14.556,142.22,0.17421,-2.3088,1
163,151,0,0,3.8333,11.056,1.5556,2.2519,30.481,23.111,42.778,25.556,-22.111,36.889,-14.778,42.778,0.45745,-2.2196,3
191,165,0,0,0.33333,0.17778,2.4444,1.1407,14.296,12,14.111,16.778,-6.8889,-0.55556,7.4444,17.556,0.31813,2.5935,6
226,84,0,0,3.0556,3.9741,1.7778,2.6963,4.5556,1.5556,9,3.1111,-9,13.333,-4.3333,9,0.84773,-2.3057,2
42,56,0,0,1.0556,0.95185,1.3333,1.6,22.741,21.111,30.222,16.889,-4.8889,22.444,-17.556,30.222,0.44071,-1.7594,0
155,68,0,0,3.4444,3.7869,0.16667,0.27889,2.2963,2.1111,2.8889,1.8889,-0.55556,1.7778,-1.2222,2.8889,0.11574,-1.8612,4
111,246,0,0,3.1667,2.095,5.8333,4.1137,25.889,21.111,22.444,34.111,-14.333,-10.333,24.667,34.111,0.38897,2.214,6
38,41,0.11111,0,1.7778,1.6741,1.6667,1.7778,22.481,20.778,29.778,16.889,-5.1111,21.889,-16.778,29.778,0.43205,-1.7717,0
233,124,0.11111,0,2.1111,1.5006,2.0556,0.49065,40.926,35.778,51.444,35.556,-15.444,31.556,-16.111,51.444,0.3171,-2.077,3
206,105,0,0,0.27778,0.062963,0.61111,0.15185,50.185,45.667,60.889,44,-13.556,32.111,-18.556,60.889,0.27711,-1.992,3
245,18,0,0,1,1.0222,1.1667,0.21111,137.89,131.44,147.89,134.33,-19.333,30,-10.667,147.89,0.11122,-2.2751,1
197,144,0,0,0.94444,0.71233,0.38889,0.49065,0.7037,0.33333,1.6667,0.11111,-1.1111,2.8889,-1.7778,1.6667,0.86111,-1.9869,4
63,122,0,0,0,0,0,0,0.33333,0,1,0,-1,2,-1,1,1,-2.0944,2
61,92,0,0,1.2778,1.0628,0.55556,0.62063,17.259,12.889,25.778,13.111,-13.111,25.556,-12.444,25.778,0.49969,-2.1118,4
163,177,0.11111,0,1.1667,0.7,2.5,0.78889,24.519,21.222,21.444,30.889,-9.8889,-9.2222,19.111,30.889,0.32114,2.1254,6
90,101,0.11111,0,0.88889,0.38518,1.7222,1.8852,20.074,20.333,25,14.889,0.77778,14.778,-15.556,25,0.40404,-1.5201,0
173,90,0,0,0.66667,0.26667,0.83333,0.34444,23.519,17.333,34.444,18.778,-18.556,32.778,-14.222,34.444,0.49672,-2.1824,4
53,42,0,0,3.2778,0.71233,0.61111,0.53403,28.259,24.444,36.222,24.111,-11.444,23.889,-12.444,36.222,0.33789,-2.061,3
237,83,0,0,0.72222,0.41852,5.8333,20.922,9.8889,6,17,6.6667,-11.667,21.333,-9.6667,17,0.67658,-2.1503,4
156,188,0,0,4.2778,2.3134,5,3.7476,61.259,55.111,75.667,53,-18.444,43.222,-24.778,75.667,0.30024,-1.9977,5
117,246,0,0,2.2778,5.6185,2.6667,5.8667,15.444,12,14.333,20,-10.333,-3.3333,13.667,20,0.39595,2.3957,6
245,93,0.11111,0,2.8889,3.8963,1.9444,4.9074,86.296,70.667,112.11,76.111,-46.889,77.444,-30.556,112.11,0.36964,-2.2316,1
236,38,0.11111,0,1.3333,1.4907,2.9444,2.2941,14.444,10.111,22,11.222,-13,22.667,-9.6667,22,0.54723,-2.1931,4
109,111,0,0,1.4444,1.0887,1.5,1.472,57.778,51.333,71.667,50.333,-19.333,41.667,-22.333,71.667,0.29889,-2.0452,3
194,57,0,0,0.61111,0.41851,1.1667,0.38889,135.96,129.89,146.22,131.78,-18.222,30.778,-12.556,146.22,0.1117,-2.215,1
64,19,0,0,0.94445,0.15185,1.6667,0.31111,137.78,131.56,146.44,135.33,-18.667,26,-7.3333,146.44,0.10151,-2.3586,1
88,88,0,0,0.83333,0.47778,2.8889,2.3852,22.148,21.333,28.444,16.667,-2.4444,18.889,-16.444,28.444,0.41331,-1.6538,0
85,121,0,0,1.6111,1.0628,0.94444,0.71233,17.222,8.8889,29.222,13.556,-25,36,-11,29.222,0.69618,-2.3359,2
120,108,0,0,4.6111,3.4987,1.6667,1.5635,58.074,52.667,69.556,52,-16.222,34.444,-18.222,69.556,0.25246,-2.0539,3
96,119,0,0,0.33333,0.088889,0.55556,0.20741,1.4444,0,4.2222,0.11111,-4.3333,8.3333,-4,4.2222,1,-2.1137,2
58,113,0,0,3.4444,1.2232,0.72222,0.38968,20.852,16.889,28.444,17.222,-11.889,22.778,-10.889,28.444,0.41481,-2.1257,4
98,41,0,0,1.7222,0.77407,1.1111,0.87407,137.15,130.67,147.22,133.56,-19.444,30.222,-10.778,147.22,0.11242,-2.2685,1
4,189,0,0,2.0556,3.8852,11.722,114.6,26.444,23.444,33,22.889,-9,19.667,-10.667,33,0.27147,-2.101,5
169,66,0,0,2,2.0889,0.94444,0.41852,51.593,47.778,61.222,45.778,-11.444,28.889,-17.444,61.222,0.2521,-1.9613,3
79,28,0,0,4.2778,3.7619,0.83333,0.65828,62.407,53.444,79.111,54.667,-26.889,50.111,-23.222,79.111,0.32456,-2.1445,3
121,134,0,0,0.22222,0.02963,0.83333,0.077778,1.6667,0.66667,4,0.33333,-3,7,-4,4,0.93704,-2.0131,4
84,65,0,0,0.72222,0.37407,2,0.71111,125.67,115.33,141.67,120,-31,48,-17,141.67,0.18566,-2.2737,1
226,72,0,0,1.2778,0.81852,1.3889,1.4407,4.5185,1.5556,9.4444,2.5556,-8.8889,14.778,-5.8889,9.4444,0.84169,-2.2167,2
160,210,0,0,1.6111,1.1296,1.2222,1.0074,17.481,13.778,16,22.667,-11.111,-4.4444,15.556,22.667,0.40394,2.3865,6
245,18,0,0,1,1.0222,1.1667,0.21111,137.89,131.44,147.89,134.33,-19.333,30,-10.667,147.89,0.11122,-2.2751,1
8,199,0,0,1.6667,0.78881,1.3889,0.71233,15,13.333,11.778,19.889,-5,-9.6667,14.667,19.889,0.40888,1.9053,6
89,221,0,0,1.3889,1.4852,1.4444,1.5852,14.074,10.667,12.444,19.111,-10.222,-4.8889,15.111,19.111,0.44601,2.3172,6
177,131,0,0,0.44444,0.42963,0.77778,0.20741,5.963,7.5556,6.6667,3.6667,4.7778,2.1111,-6.8889,7.5556,0.51587,-0.80485,0
76,89,0,0,1.0556,0.95258,3.2778,2.4533,16.815,12.889,24.444,13.111,-11.778,22.889,-11.111,24.444,0.47305,-2.1118,4
140,103,0.11111,0,2.1667,3.4111,1.8333,2.1667,21.852,21.222,28,16.333,-1.8889,18.444,-16.556,28,0.41624,-1.6344,0
96,84,0,0,1.5,1.2778,1.6111,2.2852,23.852,23.556,30,18,-0.88889,18.444,-17.556,30,0.39879,-1.5989,0
79,95,0,0,1.6667,3.7333,2.5,7.1889,21.111,21.111,26.222,16,0,15.333,-15.333,26.222,0.38836,-1.5555,0
58,111,0,0,3.2222,3.4519,2.0556,0.95185,19.333,15.556,26.222,16.222,-11.333,20.667,-9.3333,26.222,0.40923,-2.1537,4
100,111,0,0,3.7222,20.952,4.1111,19.496,4.8889,2.2222,9.1111,3.3333,-8,12.667,-4.6667,9.1111,0.86466,-2.2165,2
104,191,0,0,3.2222,1.9739,3.7778,2.9034,63.074,55.333,79.222,54.667,-23.222,48.444,-25.222,79.222,0.31159,-2.0659,5
50,199,0,0,3.2222,2.9789,5.6111,4.616,55.667,49.111,69.778,48.111,-19.667,42.333,-22.667,69.778,0.31241,-2.0454,5
4,210,0,0,4.7222,4.0189,5.7222,2.185,49.741,44.222,62.222,42.778,-16.556,37.444,-20.889,62.222,0.31428,-2.0144,5
67,64,0,0,2.1111,2.1185,2.3889,3.4407,22.481,22,28.889,16.556,-1.4444,19.222,-17.778,28.889,0.42692,-1.6257,0
15,123,0,0,0.44444,0.11852,0.44444,0.11852,4.5556,6,5.3333,2.3333,4.3333,2.3333,-6.6667,6,0.61164,-0.85355,0
211,139,0,0,0.33333,0.088889,0.27778,0.062963,5.2222,3.2222,9.5556,2.8889,-6,13,-7,9.5556,0.6966,-2.0446,4
95,127,0,0,0.22222,0.074074,0.22222,0.02963,0.62963,0,1.8889,0,-1.8889,3.7778,-1.8889,1.8889,1,-2.0944,2
120,108,0.11111,0,0.61111,0.64074,0.94444,0.15185,21.926,21,28.222,16.556,-2.7778,18.889,-16.111,28.222,0.41213,-1.6835,0
22,116,0,0,0.38889,0.10741,0.33333,0.13333,5.6296,6.7778,7,3.1111,3.4444,4.1111,-7.5556,7.3333,0.5754,-1.0996,0
40,142,0,0,0.27778,0.13608,0.22222,0.17213,1.2222,0.11111,3.5556,0,-3.3333,7,-3.6667,3.5556,1,-2.0562,4
201,34,0,0,4.2778,3.0581,0.44444,0.40369,13.741,9.7778,20.889,10.556,-11.889,21.444,-9.5556,20.889,0.54486,-2.1629,4
169,66,0,0,2,2.0889,0.94444,0.41852,51.593,47.778,61.222,45.778,-11.444,28.889,-17.444,61.222,0.2521,-1.9613,3
20,117,0,0,0,0,0,0,0,0,0,0,0,0,0,0,0,0,2
75,59,0,0,1.0556,0.77407,2.9444,2.5519,25.074,22.333,34.333,18.556,-8.2222,27.778,-19.556,34.333,0.45943,-1.8363,0
242,89,0,0,0.5,0.47778,0.94444,0.55185,1.8148,0.77778,4.1111,0.55556,-3.1111,6.8889,-3.7778,4.1111,0.8963,-2.0423,4
36,145,0,0,0.27778,0.1963,1.2778,2.063,0.85185,0.33333,1.4444,0.77778,-1.5556,1.7778,-0.22222,1.4444,0.25185,-2.531,2
54,133,0,0,4.3889,1.7051,1.2778,1.2187,21.444,19.889,25.778,18.667,-4.6667,13,-8.3333,25.778,0.27027,-1.9038,3
96,80,0.11111,0,1.5556,4.163,2.5,1.9,26,24,34.444,19.556,-6,25.333,-19.333,34.444,0.43247,-1.7736,0
227,44,0.11111,0,0.55556,0.40369,1.6111,0.99815,47.815,42.889,58,42.556,-14.778,30.556,-15.778,58,0.27199,-2.0705,3
229,24,0,0,1.7778,1.1089,1.2222,1.047,49.185,42.333,61.222,44,-20.556,36.111,-15.556,61.222,0.30862,-2.1868,3
196,241,0,0,1.5556,1.1287,1.1667,1.2065,8.2593,5.8889,7,11.889,-7.1111,-3.7778,10.889,11.889,0.50946,2.2774,6
14,71,0,0,13.056,10.383,21.889,16.536,31.852,25.556,40.222,29.778,-18.889,25.111,-6.2222,40.222,0.39567,-2.4018,2
137,92,0,0,7.3889,7.3799,0.77778,0.34426,9.963,7.1111,15.556,7.2222,-8.5556,16.778,-8.2222,15.556,0.60844,-2.0967,4
71,180,0.11111,0,1.2222,0.56296,3,1.8667,22.333,18.333,21.444,27.222,-12,-2.6667,14.667,27.222,0.32738,2.4538,6
207,115,0,0,1.0556,0.32963,0.16667,0.033333,1.2222,0.44444,2.8889,0.33333,-2.3333,5,-2.6667,2.8889,0.93333,-2.0655,4
187,135,0,0,3.2778,2.463,0.83333,0.47778,26.444,20.222,37,22.111,-18.667,31.667,-13,37,0.45423,-2.212,4
139,128,0,0,2.9444,7.8852,3.1667,12.433,5.2963,2.4444,9.5556,3.8889,-8.5556,12.778,-4.2222,9.5556,0.80472,-2.3004,2
208,154,0,0.11111,11.667,125.87,0.94444,0.68518,8.7037,5.8889,13.889,6.3333,-8.4444,15.556,-7.1111,13.889,0.77152,-2.0669,4
189,39,0,0,1.0556,0.57414,0.77778,0.58373,124.19,113.89,140.33,118.33,-30.889,48.444,-17.556,140.33,0.18839,-2.2681,1
127,120,0,0,0.5,0.47778,0.72222,0.5963,1.5185,0.11111,4.1111,0.33333,-4.2222,7.7778,-3.5556,4.1111,0.98413,-2.1331,2
131,208,0,0,1.3889,0.41852,0.61111,0.24074,16.185,12.778,15,20.778,-10.222,-3.5556,13.778,20.778,0.38317,2.392,6
101,137,0,0,0.44444,0.50185,0.83333,0.80966,1.1481,0.22222,2.6667,0.55556,-2.7778,4.5556,-1.7778,2.6667,0.95,-2.2006,2
123,186,0,0,3.6111,3.0289,9.4444,7.9321,51.778,46.556,63.667,45.111,-15.667,35.667,-20,63.667,0.29015,-2.0141,5
36,207,0,0,2.7222,3.1792,6.4444,2.8021,56.815,50.444,70.111,49.889,-19.111,39.889,-20.778,70.111,0.29067,-2.0627,5
14,120,0,0,0.33333,0.13333,0.44444,0.2963,1.5926,0,3.8889,0.88889,-4.7778,6.8889,-2.1111,3.8889,1,-2.3157,2
230,113,0,0,1.1111,0.50185,0.55556,0.54433,21.593,18.111,27.889,18.778,-10.444,18.889,-8.4444,27.889,0.35008,-2.1636,4
152,152,0,0,0.16667,0.033333,2.1111,4.3407,1.4074,1,2.4444,0.77778,-1.2222,3.1111,-1.8889,2.4444,0.43915,-2.0003,4
219,80,0,0,1.2778,0.32963,0.66667,0.93333,39.704,36.333,48.222,34.556,-10.111,25.556,-15.444,48.222,0.28296,-1.9626,3
45,185,0.11111,0,2.1667,3.7222,1.9444,2.6852,18.667,14.667,17.111,24.222,-12,-4.6667,16.667,24.222,0.40087,2.3618,6
230,98,0,0,0.38889,0.15185,0.38889,0.062963,1.4074,0,4.1111,0.11111,-4.2222,8.1111,-3.8889,4.1111,1,-2.1137,2
185,110,0,0,18.444,375.1,1.2778,0.5963,50.667,46.111,60.444,45.444,-13.667,29.333,-15.667,60.444,0.24925,-2.0325,3
2,171,0,0,1.9444,1.2187,3.6667,3.1269,45.778,41,56.333,40,-14.333,31.667,-17.333,56.333,0.28798,-2.0329,5
201,125,0,0,1,0.44444,9.9444,103.75,42.815,39.111,51.778,37.556,-11.111,26.889,-15.778,51.778,0.27064,-1.973,3
78,108,0,0,0.83333,0.43333,1.6111,1.1741,17.111,19,19.889,12.444,5.6667,8.3333,-14,20,0.37884,-1.1695,0
63,13,0,0,0.61111,0.19629,1.1667,1.0111,132.26,122.78,145.44,128.56,-28.444,39.556,-11.111,145.44,0.15582,-2.3604,1
153,208,0,0,2.4444,2.4296,1.9444,3.0852,16.852,13,16,21.556,-11.556,-2.5556,14.111,21.556,0.39691,2.4833,6
162,14,0,0,0.94445,0.53403,0.61111,0.71233,112.74,99,130.67,108.56,-41.222,53.778,-12.556,130.67,0.24229,-2.409,1
58,113,0,0,3.4444,1.2232,0.72222,0.38968,20.852,16.889,28.444,17.222,-11.889,22.778,-10.889,28.444,0.41481,-2.1257,4
229,104,0,0,0.5,0.54772,2.8333,2.0412,19.778,16.333,26.111,16.889,-10.333,19,-8.6667,26.111,0.37553,-2.1506,4
75,103,0.11111,0,1.3889,1.5296,1.8889,1.0963,18.963,20.222,22.778,13.889,3.7778,11.444,-15.222,22.778,0.38839,-1.3341,0
108,75,0.11111,0,0.66667,0.4714,11.111,10.015,116.7,105.89,133,111.22,-32.444,48.889,-16.444,133,0.20299,-2.2955,1
45,108,0,0.11111,25.5,12.795,27.278,15.931,49.815,41.778,61.111,46.556,-24.111,33.889,-9.7778,61.111,0.35898,-2.3605,2
205,106,0,0,0.77778,0.45542,0.38889,0.13608,17.481,14.111,24,14.333,-10.111,19.556,-9.4444,24,0.4164,-2.1177,4
170,154,0,0,0.11111,0.17213,0.055556,0.13608,0.074074,0,0.22222,0,-0.22222,0.44444,-0.22222,0.22222,0.22222,-2.0944,4
117,181,0.11111,0,1.8333,1.2428,3,2.0548,46.889,43,56.889,40.778,-11.667,30,-18.333,56.889,0.28329,-1.9491,5
127,121,0,0,1.6667,0.8,2,2.4444,23.111,21.667,30.111,17.556,-4.3333,21,-16.667,30.111,0.41552,-1.7407,0
23,86,0,0,0.88889,0.65185,1.7222,1.3074,18.593,18.556,23.556,13.667,-0.11111,14.889,-14.778,23.556,0.41792,-1.5415,0
114,181,0,0,1.1111,0.38519,0.88889,1.0963,19.926,15.889,18.778,25.111,-12.111,-3.4444,15.556,25.111,0.36658,2.4208,6
52,185,0,0,1.6667,1.4222,0.94444,0.95185,19.259,14.889,18.222,24.667,-13.111,-3.1111,16.222,24.667,0.39646,2.4518,6
248,160,0,0,3,8.8889,2.1667,3.7667,43.926,37.111,57.111,37.556,-20.444,39.556,-19.111,57.111,0.35404,-2.1138,5
237,135,0,0,0.55556,0.20741,0.66667,0.35556,4.1481,5.6667,4.7778,2,4.5556,1.8889,-6.4444,5.6667,0.64722,-0.80785,0
59,141,0.11111,0,2.3889,1.5408,2.1667,1.278,12.667,7.8889,18.556,11.556,-14.333,17.667,-3.3333,18.556,0.58578,-2.4516,2
132,91,0,0.11111,18.944,188.51,33.444,889.36,42.815,35.889,52.667,39.889,-20.778,29.556,-8.7778,52.667,0.39882,-2.3461,2
23,129,0,0,0.5,0.077778,0.38889,0.15185,0.51852,0,1.5556,0,-1.5556,3.1111,-1.5556,1.5556,0.77778,-2.0944,2
231,233,0,0,1.4444,0.74074,1.1667,0.34444,12.593,8.8889,11.889,17,-11.111,-2.1111,13.222,17,0.47822,2.4916,6
28,188,0,0,1.4444,1.4963,5.1111,19.007,29.963,26.889,36.444,26.556,-9.2222,19.444,-10.222,36.444,0.27586,-2.0836,5
54,138,0,0,0.22222,0.2963,0.38889,0.41852,0.25926,0,0.66667,0.11111,-0.77778,1.2222,-0.44444,0.66667,0.33333,-2.1814,2
178,25,0,0,0.72222,0.32773,1.5556,1.2413,44.815,39.556,55,39.889,-15.778,30.556,-14.778,55,0.28458,-2.1188,3
80,83,0.11111,0,1.6667,1.7778,1.5,0.56667,49.444,45.667,58.667,44,-11.333,27.667,-16.333,58.667,0.24968,-1.9736,3
2,89,0,0,1.2222,1.763,2.5556,3.4963,18.963,18.778,23.889,14.222,-0.55556,14.778,-14.222,23.889,0.40251,-1.5442,0
184,145,0,0,0.94444,0.49065,1.7778,0.93492,3.4074,2.3333,5.7778,2.1111,-3.2222,7.1111,-3.8889,5.7778,0.65661,-2.0365,4
67,64,0,0,2.1111,2.1185,2.3889,3.4407,22.481,22,28.889,16.556,-1.4444,19.222,-17.778,28.889,0.42692,-1.6257,0
147,69,0,0,2.0556,2.9074,1.8889,2.563,25.667,23.444,34.444,19.111,-6.6667,26.333,-19.667,34.444,0.44486,-1.7914,0
30,251,0,0,2.4444,1.8817,8,1.6055,20.667,21.444,17.778,22.778,2.3333,-8.6667,6.3333,22.778,0.23142,1.2871,6
32,240,0,0,1.2778,1.5408,2.2778,1.7051,12.148,9.7778,9.3333,17.333,-7.1111,-8.4444,15.556,17.333,0.47067,2.0439,6
44,123,0,0,1.0556,0.9963,1,0.84444,1.4815,0.22222,3.6667,0.55556,-3.7778,6.5556,-2.7778,3.6667,0.9619,-2.1618,2
145,34,0.11111,0,0.55556,0.34074,1.8889,1.1407,137.04,131.44,146.67,133,-16.778,28.889,-12.111,146.67,0.10454,-2.2,1
47,121,0,0,0.88889,1.0256,4.8889,3.2088,53.667,46.889,66.889,47.222,-20.333,39.667,-19.333,66.889,0.30067,-2.1102,3
67,71,0,0,1.6667,0.88889,1.5,0.3,125.96,115.56,140.89,121.44,-31.222,44.778,-13.556,140.89,0.17967,-2.3398,1
30,251,0,0,2.4444,1.8817,8,1.6055,20.667,21.444,17.778,22.778,2.3333,-8.6667,6.3333,22.778,0.23142,1.2871,6
128,144,0,0,0,0,0,0,0,0,0,0,0,0,0,0,0,0,4
78,69,0,0,1.5,1.1444,1.6111,1.4407,24.333,22,32.556,18.444,-7,24.667,-17.667,32.556,0.43155,-1.8112,0
68,135,0,0,0.83333,0.47778,0.33333,0.26667,6.2222,4,10.444,4.2222,-6.6667,12.667,-6,10.444,0.61759,-2.1255,4
249,173,0.11111,0,1.6667,1.6465,3.6111,2.1126,55.185,48.556,69.556,47.444,-19.889,43.111,-23.222,69.556,0.32108,-2.0417,5
116,35,0,0,0.83333,0.78174,0.88889,0.54433,125.19,113.78,141.33,120.44,-34.222,48.444,-14.222,141.33,0.19485,-2.3466,1
105,139,0,0,0.27778,0.10741,0.83333,0.52222,6.1111,7.5556,7.2222,3.5556,4.3333,3.3333,-7.6667,7.5556,0.53263,-0.96595,0
215,84,0,0,0.33333,0.29814,0.38889,0.32773,17.111,13,24.778,13.556,-12.333,23,-10.667,24.778,0.475,-2.1439,4
92,44,0.11111,0,0.72222,0.57414,1.1667,1.0488,123.81,113.44,138.11,119.89,-31.111,42.889,-11.778,138.11,0.17843,-2.3673,1
72,191,0.11111,0,1.2778,0.50741,3.1111,4.6074,15.185,12.111,14.889,18.556,-9.2222,-0.88889,10.111,18.556,0.35037,2.5453,6
50,50,0,0,0.77778,0.65546,0.77778,0.50185,124.11,113.11,140.89,118.33,-33,50.333,-17.333,140.89,0.19716,-2.2883,1
27,57,0.11111,0,0.72222,0.32773,0.72222,0.38968,70.37,60,90.111,61,-31.111,59.222,-28.111,90.111,0.33539,-2.1288,3
70,122,0,0,3.6667,4.0332,4.1111,3.781,19.889,17.889,25.111,16.667,-6,15.667,-9.6667,26.444,0.40249,-1.5402,2
200,250,0,0,2.2778,1.4207,1.4444,1.0256,9.2222,6.5556,7.3333,13.778,-8,-5.6667,13.667,13.778,0.56339,2.1929,6
208,65,0,0,1.3889,1.2368,26.444,25.537,56.704,52.667,64.444,53,-12.111,23.222,-11.111,64.444,0.19713,-1.9708,3
227,196,0,0,2.6111,2.3609,3.5556,1.6953,47.185,42.111,58.222,41.222,-15.222,33.111,-17.889,58.222,0.29247,-2.0395,5
113,96,0,0,0.94444,0.50741,1.1111,0.34074,3.8148,1.1111,8.5556,1.7778,-8.1111,14.222,-6.1111,8.5556,0.87222,-2.1862,2
161,147,0,0,0,0,0,0,0,0,0,0,0,0,0,0,0,0,4
83,83,0.11111,0,0.77778,0.78518,1.6667,3.1111,49.852,46,59.556,44,-11.556,29.111,-17.556,59.556,0.26061,-1.9585,3
24,65,0,0,1.2222,1.763,2.3333,2.3556,20.815,20.111,26.778,15.556,-2.1111,17.889,-15.778,26.778,0.41942,-1.6659,0
187,180,0,0,4.0556,2.9845,3.3333,3.1972,62.074,54.889,77.556,53.778,-21.556,46.444,-24.889,77.556,0.30691,-2.0442,5
221,201,0.11111,0,1.4444,1.1287,2.4444,0.83444,19.148,14.667,17.667,25.111,-13.444,-4.4444,17.889,25.111,0.41676,2.3897,6
76,89,0,0,1.0556,0.95258,3.2778,2.4533,16.815,12.889,24.444,13.111,-11.778,22.889,-11.111,24.444,0.47305,-2.1118,4
195,99,0,0,3.0556,4.463,2.7778,4.6519,6.7407,3.4444,11.556,5.2222,-9.8889,14.444,-4.5556,11.556,0.7119,-2.3189,2
137,163,0,0,1.4444,0.78519,18.889,5.5408,39.296,33.778,47.556,36.556,-16.556,24.778,-8.2222,47.556,0.28481,-2.3952,5
95,71,0,0,1.0556,1.0852,2.2222,3.763,105.67,96.667,122.44,97.889,-27,50.333,-23.333,122.44,0.21226,-2.1432,1
6,81,0,0.11111,4.1111,8.7407,5.7222,28.507,12.481,7.6667,18.889,10.889,-14.444,19.222,-4.7778,18.889,0.62816,-2.3886,2
221,154,0.11111,0.11111,4.2222,2.7407,1.2778,0.5963,6.4815,4.3333,10.778,4.3333,-6.4444,12.889,-6.4444,10.778,0.6248,-2.088,4
123,68,0,0,0.94444,0.57413,0.72222,0.57413,107.37,94.222,126.33,101.56,-39.444,56.889,-17.444,126.33,0.25416,-2.3332,1
203,61,0,0,0.16667,0.27889,0.72222,0.44305,7,4.4444,12.333,4.2222,-7.6667,16,-8.3333,12.333,0.66626,-2.0682,4
173,186,0,0.11111,3.2222,2.1152,5.5,3.5071,53.444,48.222,65.889,46.222,-15.667,37.333,-21.667,65.889,0.2983,-1.9882,5
149,163,0,0,2.6111,12.152,14,48.889,41.667,35.444,51.333,38.222,-18.667,29,-10.333,51.333,0.29755,-2.3844,5
228,114,0,0,0.38889,0.062963,0.83333,0.12222,5.8889,7,7.4444,3.2222,3.3333,4.6667,-8,7.4444,0.56746,-1.1518,0
42,138,0,0,0.44444,1.1852,0.44444,1.1852,0.2963,0.11111,0.66667,0.11111,-0.55556,1.1111,-0.55556,0.66667,0.092593,-2.0944,2
140,161,0,0,0.27778,0.32773,0.77778,0.62063,15.741,12.444,14.333,20.444,-9.8889,-4.2222,14.111,20.444,0.39096,2.3451,6
202,21,0,0,0.33333,0.36515,5.2222,2.6134,40.741,37.111,49.333,35.778,-10.889,25.778,-14.889,49.333,0.27452,-1.9908,3
196,129,0,0,0.83333,0.43333,0.66667,0.17778,6.3333,7.8889,7.3333,3.7778,4.6667,3,-7.6667,8.2222,0.54012,-0.93278,0
31,62,0,0,1.8333,0.83333,1.8333,0.96667,21.185,20.556,27.222,15.778,-1.8889,18.111,-16.222,27.222,0.41947,-1.6501,0
38,103,0,0,0.88889,1.0519,1.9444,1.3963,58.185,53.333,69.556,51.667,-14.556,34.111,-19.556,69.556,0.25701,-1.9976,3
181,186,0.11111,0,2.9444,2.7114,2.0556,1.6788,48.815,44.111,60.444,41.889,-14.111,34.889,-20.778,60.444,0.30703,-1.9685,5
81,67,0,0,0.83333,0.45947,0.88889,0.58373,122.89,112.33,138.44,117.89,-31.667,46.667,-15,138.44,0.18855,-2.3172,1
86,20,0,0,0.94445,1.0202,1.9444,1.0628,65.185,56.444,81.667,57.444,-26.222,49.444,-23.222,81.667,0.30956,-2.133,3
44,162,0,0,0.88889,0.45542,1.9444,1.3567,24.519,19.556,24.111,29.889,-14.889,-1.2222,16.111,29.889,0.34703,2.5574,6
83,143,0,0,1.2778,1.1039,1.2222,0.54433,50.37,43,64.778,43.333,-22.111,43.222,-21.111,64.778,0.34123,-2.109,3
128,161,0,0,0.55556,0.25185,0.77778,0.16296,7.1481,5.5556,10.889,5,-4.7778,11.222,-6.4444,10.889,0.54092,-1.9963,3
196,129,0,0,0.83333,0.43333,0.66667,0.17778,6.3333,7.8889,7.3333,3.7778,4.6667,3,-7.6667,8.2222,0.54012,-0.93278,0
140,161,0,0,0.27778,0.32773,0.77778,0.62063,15.741,12.444,14.333,20.444,-9.8889,-4.2222,14.111,20.444,0.39096,2.3451,6
4,208,0.11111,0,2.3333,1.7638,2.4444,1.6953,14.778,12.111,12.222,20,-8,-7.6667,15.667,20,0.4294,2.1126,6
71,180,0.11111,0,1.2222,0.56296,3,1.8667,22.333,18.333,21.444,27.222,-12,-2.6667,14.667,27.222,0.32738,2.4538,6
123,143,0,0,0.27778,0.38968,0.27778,0.13608,0.40741,0,1.2222,0,-1.2222,2.4444,-1.2222,1.2222,0.77778,-2.0944,2
42,59,0,0,1.8333,3.5,2.0556,0.86296,21.815,20.778,28.778,15.889,-3.1111,20.889,-17.778,28.778,0.44514,-1.6808,0
174,181,0,0,3.2778,3.1511,4.1667,2.7869,59.074,52.333,74.222,50.667,-20.222,45.444,-25.222,74.222,0.31735,-2.0209,5
59,135,0,0,0.16667,0.18257,0.055556,0.13608,0.48148,0,1.4444,0,-1.4444,2.8889,-1.4444,1.4444,1,-2.0944,4
163,210,0,0,1.5556,0.54433,1.5,0.96032,11.852,9.3333,8.8889,17.333,-7.5556,-8.8889,16.444,17.333,0.48874,2.0437,6
92,70,0.11111,0,1.1111,1.3608,0.77778,0.65546,61.111,53.444,77,52.889,-23,47.667,-24.667,77,0.31436,-2.0708,3
104,122,0,0,0.44444,0.02963,0.5,0.16667,6.4074,8.1111,7.2222,3.8889,5.1111,2.4444,-7.5556,8.1111,0.52006,-0.83212,0
210,114,0,0,1.2778,1.3074,0.61111,0.062963,16.185,11.444,25,12.111,-14.222,26.444,-12.222,25,0.54621,-2.1417,4
39,124,0,0.11111,5.3333,4.7749,6.5,4.5448,7.5926,4.1111,12.889,5.7778,-10.444,15.889,-5.4444,12.889,0.77215,-2.2657,2
12,56,0.22222,0,1.2222,0.20741,1.3333,1.0222,19.852,19.444,25.444,14.667,-1.2222,16.778,-15.556,25.444,0.42269,-1.6222,0
18,90,0,0,1.0556,0.37407,0.66667,0.22222,2.8148,0.55556,6.8889,1,-6.7778,12.222,-5.4444,6.8889,0.92615,-2.1643,2
44,123,0,0,1.0556,0.9963,1,0.84444,1.4815,0.22222,3.6667,0.55556,-3.7778,6.5556,-2.7778,3.6667,0.9619,-2.1618,2
44,79,0,0,0.44444,0.34426,0.77778,0.40369,107.74,93.889,126.56,102.78,-41.556,56.444,-14.889,126.56,0.25808,-2.378,1
77,78,0,0,2.2222,2.3407,2,5.8667,24.593,24,31.222,18.556,-1.7778,19.889,-18.111,31.222,0.40196,-1.6104,0
200,215,0,0,1.5556,0.95839,4.7222,2.6451,23.037,17.111,22.556,29.444,-17.778,-1.4444,19.222,29.444,0.42077,2.561,6
17,108,0,0,1.2778,0.64693,1.1667,0.91287,1.8519,0.55556,3.3333,1.6667,-3.8889,4.4444,-0.55556,3.3333,0.87593,-2.4639,2
98,126,0,0,1.0556,0.71233,0.94444,0.49065,2.7778,0.55556,5.2222,2.5556,-6.6667,7.3333,-0.66667,5.2222,0.90899,-2.5365,2
196,161,0,0,2.7778,5.5407,11.778,93.985,41.963,36.556,51.222,38.111,-16.222,27.778,-11.556,51.333,0.28212,-2.3883,5
204,194,0,0,2.6111,1.9255,5.1111,3.4167,41.037,37,49.778,36.333,-12.111,26.222,-14.111,49.778,0.27541,-2.0452,5
169,104,0,0,1.5556,1.7722,5.6111,2.255,18.519,16,23.333,16.222,-7.5556,14.444,-6.8889,23.333,0.31471,-2.1139,4
194,178,0,0,1.2222,1.0519,8,12.578,33.667,29.667,41.889,29.444,-12,24.667,-12.667,41.889,0.29696,-2.1038,5
162,159,0,0,2.1667,0.96032,2.2222,1.4555,26.111,25.222,29.556,23.556,-2.6667,10.333,-7.6667,29.556,0.20285,-1.8026,3
140,73,0,0,1.7222,0.82776,0.77778,1.0037,46.296,45.667,51.111,42.111,-1.8889,14.444,-12.556,51.111,0.17616,-1.6816,3
185,84,0,0,0.61111,0.49065,0.5,0.45947,23.259,18.667,31.333,19.778,-13.778,24.222,-10.444,31.333,0.4041,-2.1849,4
204,177,0,0,1.7778,10.696,8.3333,27.333,32.889,29,40.667,29,-11.667,23.333,-11.667,40.667,0.28109,-2.1008,5
96,123,0,0,1.2778,0.15185,1.8333,2.0778,21.63,14.778,34.222,15.889,-20.556,37.778,-17.222,34.222,0.55955,-2.1498,3
63,19,0,0,2.4444,1.1863,1.4444,0.88611,45.185,38,58.778,38.778,-21.556,40.778,-19.222,58.778,0.35523,-2.1337,3
211,130,0,0,0,0,0,0,0,0,0,0,0,0,0,0,0,0,4
194,118,0,0,0.44444,0.11852,0.44444,0.16296,6.2593,7.5556,7.6667,3.5556,3.8889,4.2222,-8.1111,7.7778,0.54387,-1.0762,0
67,136,0,0,6.7222,3.7083,2.6667,3.1972,15.519,9,25.333,12.222,-19.556,29.444,-9.8889,25.333,0.66081,-2.3075,2
226,69,0,0.11111,19.111,991.72,20.444,1039.5,23.815,19.222,29.333,22.889,-13.778,16.556,-2.7778,29.333,0.50899,-2.489,2
96,13,0,0,0.83333,0.47778,0.55556,0.20741,131.78,122.11,144.78,128.44,-29,39,-10,144.78,0.15657,-2.3863,1
239,110,0,0,0.27778,0.062963,0.22222,0.02963,9.4444,6.1111,15.889,6.3333,-10,19.333,-9.3333,15.889,0.62064,-2.1203,4
223,62,0,0,0.33333,0.29814,0.44444,0.50185,6.4444,4.1111,11.444,3.7778,-7,15,-8,11.444,0.67037,-2.0487,4
74,64,0,0,1.8333,1.2065,2,1.1155,56.593,49.667,71,49.111,-20.778,43.222,-22.444,71,0.313,-2.0672,3
180,123,0.11111,0,1.7222,2.1074,1.1111,0.51852,57.481,52.556,68.556,51.333,-14.778,33.222,-18.444,68.556,0.25119,-2.0215,3
118,126,0,0,0.66667,0.4,1.8333,2.1222,20.556,16.111,28.667,16.889,-13.333,24.333,-11,28.667,0.43708,-2.1588,3
147,111,0,0,0.38889,0.15185,0.44444,0.11852,5.6667,7,7,3,4,4,-8,7.3333,0.59127,-1.0414,0
103,39,0,0,0.5,0.3,1.1111,0.42963,127.52,116.56,142.89,123.11,-32.889,46.111,-13.222,142.89,0.18426,-2.353,1
227,116,0,0,0.38889,0.15185,0.22222,0.074074,5.4074,6.5556,6.7778,2.8889,3.4444,4.1111,-7.5556,6.8889,0.58003,-1.0931,0
71,90,0,0,2.7778,2.0741,5.1111,3.2741,22.63,22,29.111,16.778,-1.8889,19.444,-17.556,29.111,0.42049,-1.6223,0
80,87,0,0.11111,24.389,573,44.722,1386.3,67.444,58.778,79,64.556,-26,34.667,-8.6667,79,0.30628,-2.4221,2
109,126,0,0,0.83333,0.21111,0.66667,0.35556,7.2963,8.7778,8.2222,4.8889,4.4444,2.7778,-7.2222,8.8889,0.45031,-0.91368,0
26,82,0,0,1.5556,0.47407,2.1111,4.3852,5.5926,1.7778,10.222,4.7778,-11.444,13.889,-2.4444,10.222,0.84361,-2.452,2
8,21,0.11111,0,0.61111,0.44305,2.0556,1.2187,125.59,113.44,142.44,120.89,-36.444,50.556,-14.111,142.44,0.20358,-2.3625,1
115,111,0,0,0.55556,0.40369,1.9444,1.0417,18.037,9.6667,30.111,14.333,-25.111,36.222,-11.111,30.111,0.67951,-2.3333,2
149,64,0,0,1.5,1.1444,1.3889,0.46296,24.074,22.667,31.889,17.667,-4.2222,23.444,-19.222,31.889,0.44635,-1.7249,0
4,126,0,0,1.1667,0.74445,0.94444,0.5963,57.815,52.333,70.444,50.667,-16.444,37.889,-21.444,70.444,0.28074,-2.006,3
30,102,0,0,1.2222,0.11852,1.3333,0.8,20.259,20.333,25,15.444,0.22222,14.222,-14.444,25,0.38106,-1.5551,0
232,175,0,0,1.1667,0.62361,2.8333,2.1679,15.37,12.444,13.556,20.111,-8.7778,-5.4444,14.222,20.111,0.38741,2.2422,6
161,135,0,0,0.055556,0.13608,0.11111,0.17213,1.2593,0.77778,3,0,-1.4444,5.2222,-3.7778,3,1,-1.8222,4
54,142,0,0,0.72222,0.82776,2,2.1082,1.8148,0.88889,3.6667,0.88889,-2.7778,5.5556,-2.7778,3.6667,0.76944,-2.0944,4
227,109,0,0,1.1667,0.98319,0.38889,0.38968,21.852,18.444,28.778,18.333,-10.222,20.778,-10.556,28.778,0.36714,-2.0828,4
62,26,0,0,0.77778,0.27217,0.44444,0.40369,112.22,98.333,130.89,107.44,-41.667,56,-14.333,130.89,0.2487,-2.3861,1
140,125,0,0,0.66667,0.22222,2.6667,3.7778,3.9259,1.5556,7.7778,2.4444,-7.1111,11.556,-4.4444,7.7778,0.8532,-2.2342,2
221,111,0,0,0.61111,0.24074,0.38889,0.24074,1.3333,0,4,0,-4,8,-4,4,1,-2.0944,2
48,192,0,0,1.2222,1.0074,2.8889,4.8296,9.963,8.6667,7.4444,13.778,-3.8889,-7.5556,11.444,13.778,0.47624,1.9085,6
129,136,0,0,2,1.5556,0.83333,0.12222,6.1852,3.6667,10.667,4.2222,-7.5556,13.444,-5.8889,10.667,0.65774,-2.1753,4
59,116,0,0,3,2.8127,0.77778,0.45542,21.963,17.889,29.556,18.444,-12.222,22.778,-10.556,29.556,0.39566,-2.1448,4
86,197,0.11111,0.11111,1.6111,1.4517,1.2778,1.1039,63.222,56.222,77.778,55.667,-21,43.667,-22.667,77.778,0.28533,-2.068,5
169,186,0,0.22222,2.3333,1.66,5.5,2.5188,49.444,44.667,61.111,42.556,-14.333,35,-20.667,61.111,0.30345,-1.9744,5
145,34,0.11111,0,0.55556,0.34074,1.8889,1.1407,137.04,131.44,146.67,133,-16.778,28.889,-12.111,146.67,0.10454,-2.2,1
253,32,0,0,0.5,0.58689,1.3333,0.55777,116.78,103.89,133.33,113.11,-38.667,49.667,-11,133.33,0.22075,-2.4212,1
