0.66024,0.19403,-0.81096,-0.049246,0.70646,0.22994,0.55944,0.086301,-1.0634,-0.1184,0.59277,0.094812,0.49814,0.10495,-0.88169,0.80438,0.52374,0.13277,0.27675,0.064693,-0.28648,0.64538,0.28724,0.060506,0.36471,0.10239,-0.29495,0.36732,0.38638,0.11573,0.37703,0.10189,0.17734,1.0905,0.38348,0.11556,0.52515,0.20737,-0.85511,-0.91982,0.62644,0.35239,0.3438,0.10396,-0.21354,0.42728,0.36984,0.10868,0.3113,0.11068,1.9434,5.2122,0.29405,0.070092,0.29926,0.083354,1.3784,3.5703,0.28918,0.056259,0.24963,0.05216,0.21156,1.1733,0.25319,0.064137,0.38858,0.10877,-0.20856,0.46331,0.40949,0.1311,0.26286,0.067423,0.96232,1.8875,0.25686,0.06563,0.39126,0.15496,0.18368,-1.0133,0.36984,0.25654,0.37254,0.15358,0.3604,-1.1726,0.32555,0.2786,0.25619,0.052606,0.49468,3.1897,0.25686,0.062561,0.25592,0.070531,1.6871,7.3498,0.25594,0.064826,0.20217,0.053612,1.0229,2.0585,0.19674,0.081346,0.19226,0.07128,2.9555,11.782,0.17384,0.07623,0.21163,0.098879,3.8711,17.962,0.19274,0.077552,0.44289,0.26568,0.29669,-1.4999,0.3757,0.5295,0.29954,0.12096,0.095261,-1.2041,0.3068,0.23023,0.20185,0.058775,1.8501,6.5843,0.19472,0.077456,0.23515,0.11002,2.3281,5.3121,0.21036,0.083537,0.15948,0.026876,3.2637,19.637,0.15084,0.029454,0.18414,0.056382,3.6894,18.712,0.17279,0.049665,0.1818,0.083045,2.6984,6.0599,0.15226,0.032508,0.16987,0.064257,3.6482,15.038,0.14298,0.028958,0.331,0.1066,-0.4476,-0.54591,0.36005,0.1366,0.30172,0.094001,0.7485,1.2815,0.29601,0.09548,0.20812,0.093352,1.4045,0.65889,0.16312,0.09516,0
0.71486,0.20086,-1.1315,0.60007,0.76419,0.20646,0.57208,0.075468,-1.6099,1.6968,0.59721,0.047113,0.50901,0.091689,-1.5392,3.5308,0.53097,0.090873,0.32318,0.069335,-1.2606,1.0372,0.34333,0.0483,0.42774,0.099609,-0.96773,0.78503,0.44642,0.108,0.41439,0.095108,-0.68954,0.85995,0.42474,0.11585,0.57264,0.16238,-1.5206,1.0249,0.6335,0.11155,0.39267,0.10148,-0.95302,0.9656,0.42379,0.084066,0.34965,0.085858,1.3346,6.5431,0.34727,0.049197,0.33573,0.07078,-0.21943,3.2023,0.34431,0.04533,0.27147,0.057646,-0.6192,0.58834,0.28433,0.063789,0.44723,0.11266,-0.95691,0.70721,0.47342,0.12463,0.27929,0.060992,0.39713,2.3644,0.28143,0.058305,0.45514,0.155,-0.1585,-1.025,0.43891,0.26572,0.41661,0.15402,0.025615,-1.2175,0.38153,0.27236,0.30097,0.062563,-0.13654,2.2291,0.30582,0.059731,0.28331,0.068284,0.39429,3.184,0.29113,0.064599,0.22094,0.056491,0.44359,0.60862,0.22208,0.086599,0.2206,0.072361,2.0898,7.9163,0.21573,0.087734,0.22602,0.10216,3.8656,18.482,0.21264,0.080608,0.49547,0.2412,0.05043,-1.4506,0.46879,0.48322,0.37746,0.12998,-0.4092,-0.89638,0.39509,0.19991,0.22127,0.059297,1.1348,4.0989,0.22127,0.081264,0.2412,0.099541,2.5842,8.1129,0.22782,0.082212,0.16522,0.030684,2.7967,15.018,0.1576,0.039028,0.19326,0.049942,2.5503,13.585,0.18639,0.058533,0.17325,0.075547,3.6351,12.575,0.15049,0.027978,0.16014,0.054592,4.643,24.086,0.14028,0.016122,0.35348,0.10605,-0.72552,-0.4882,0.38153,0.1294,0.33282,0.095946,0.26642,0.83196,0.33642,0.11168,0.23065,0.11391,1.0364,-0.44654,0.16777,0.1834,0
0.71895,0.18391,-1.0138,0.71821,0.74951,0.20939,0.61577,0.072957,-1.9243,2.9052,0.63792,0.040586,0.51972,0.083454,-0.68798,2.6013,0.52917,0.084404,0.26753,0.048533,-0.18976,1.4009,0.26996,0.048001,0.44349,0.10586,-0.33208,-0.1116,0.45578,0.15864,0.30605,0.089241,2.4921,8.0915,0.28918,0.062078,0.53686,0.15329,-1.4548,1.0869,0.58209,0.1197,0.30599,0.073152,1.5562,10.152,0.30582,0.060781,0.28465,0.077208,2.2547,8.399,0.26807,0.060649,0.28036,0.075969,2.7303,10.803,0.26807,0.048977,0.25519,0.047569,-0.20913,0.56869,0.25964,0.06107,0.4611,0.098365,-0.4096,0.82161,0.47896,0.13023,0.25658,0.062689,1.405,4.8292,0.25319,0.060315,0.42417,0.13899,0.14927,-0.80495,0.40182,0.22658,0.37166,0.13491,0.43524,-0.93447,0.32753,0.23481,0.26563,0.049766,0.032324,1.2277,0.26807,0.062524,0.26632,0.068559,2.269,11.077,0.2643,0.062029,0.1938,0.040168,0.7392,1.8223,0.19209,0.060344,0.19649,0.063297,3.4212,16.729,0.18763,0.062657,0.19434,0.083729,4.8565,27.439,0.17931,0.053657,0.43437,0.21437,0.23144,-1.3465,0.39701,0.40077,0.30018,0.10002,0.1235,-0.70169,0.30287,0.16853,0.1879,0.042198,2.3552,13.175,0.18397,0.053959,0.21216,0.086317,3.4784,13.714,0.19811,0.061009,0.19073,0.037712,0.71269,2.1214,0.18952,0.057272,0.20605,0.054402,2.8224,16.813,0.2023,0.061287,0.19483,0.078721,3.3488,11.488,0.17762,0.046744,0.17599,0.055775,4.0498,22.931,0.16093,0.053119,0.39747,0.097105,-0.86027,0.66386,0.41808,0.10906,0.37534,0.080784,0.62473,2.8707,0.37375,0.072118,0.24754,0.11534,1.192,0.30594,0.1988,0.1537,0
0.6901,0.21581,-0.88792,-0.15419,0.7456,0.25342,0.56619,0.079925,-1.3566,0.84576,0.59544,0.059655,0.56559,0.12057,-1.0346,1.1183,0.59277,0.14026,0.30462,0.074111,-0.099124,1.807,0.3137,0.070616,0.46104,0.12853,-0.74614,0.014422,0.49642,0.14543,0.40198,0.10218,-0.29466,0.45945,0.41045,0.11382,0.5283,0.18909,-0.98964,-0.50768,0.60697,0.22342,0.39058,0.1148,-0.60234,0.31886,0.42189,0.11502,0.34277,0.10225,1.7626,5.6963,0.32654,0.086519,0.31919,0.08222,1.0551,3.3442,0.3137,0.06781,0.255,0.066173,0.51514,2.0761,0.25779,0.077348,0.48121,0.14148,-0.77233,0.2263,0.52374,0.15045,0.26144,0.080587,1.3723,2.9817,0.25047,0.081201,0.46003,0.18777,-0.080581,-1.1943,0.45484,0.33338,0.44838,0.19982,-0.040354,-1.4709,0.46415,0.38097,0.28025,0.075415,0.7198,2.125,0.27951,0.080482,0.25853,0.072156,0.98456,3.6446,0.25871,0.080279,0.21436,0.070348,1.1115,2.0496,0.20302,0.11369,0.21624,0.079136,1.6369,4.6688,0.20159,0.12122,0.2285,0.13082,3.2007,11.543,0.19539,0.11475,0.50718,0.25762,-0.12774,-1.4845,0.52645,0.52433,0.42163,0.16001,-0.54168,-0.67602,0.47157,0.22917,0.21701,0.076927,1.4571,3.4577,0.20302,0.11402,0.24162,0.11916,2.1095,4.6362,0.21341,0.11831,0.18168,0.042908,2.4568,11.647,0.17436,0.052089,0.21089,0.064365,2.3653,9.4919,0.20159,0.067183,0.19204,0.092227,2.9752,8.0388,0.16448,0.042911,0.18442,0.083659,2.8493,8.2587,0.15015,0.044893,0.38946,0.11921,-0.92842,-0.14535,0.42663,0.11076,0.30614,0.10222,1.097,2.0084,0.29405,0.12155,0.24633,0.11241,0.80381,-0.73888,0.18763,0.1933,0
0.59283,0.23907,-0.42987,-1.0864,0.66243,0.40802,0.56248,0.090431,-0.61825,-0.88855,0.60165,0.15735,0.52509,0.14265,-0.63423,-0.14995,0.5454,0.13229,0.28695,0.080602,0.22353,0.5461,0.28918,0.095655,0.40778,0.12749,-0.43424,-0.6607,0.44549,0.20857,0.38566,0.11212,-0.36732,-0.46781,0.41236,0.16216,0.51999,0.21906,-0.59922,-1.3491,0.63703,0.43453,0.3498,0.11793,-0.26531,-0.53886,0.39122,0.19166,0.33971,0.13424,1.4943,2.4257,0.3068,0.11136,0.30766,0.095805,1.0276,1.7937,0.29308,0.1018,0.25648,0.073524,0.66423,1.2775,0.25411,0.092304,0.4502,0.15424,-0.43861,-0.8376,0.50191,0.26486,0.28213,0.093006,1.1592,1.6781,0.2643,0.10706,0.42158,0.1814,0.33556,-0.9808,0.38638,0.29846,0.34602,0.16002,0.75536,-0.47152,0.29503,0.24798,0.30518,0.095038,0.74554,1.5862,0.29796,0.11666,0.26735,0.087016,1.2204,2.8191,0.25871,0.098641,0.18641,0.053055,2.1559,7.0673,0.17384,0.065229,0.18923,0.074059,3.0489,11.286,0.16729,0.065628,0.20274,0.1167,3.8992,15.903,0.17227,0.063205,0.39197,0.24564,0.62336,-1.0242,0.3216,0.41939,0.33306,0.14995,0.02169,-1.4512,0.34727,0.30369,0.19577,0.068275,2.5766,8.7269,0.17874,0.06713,0.21568,0.11133,2.6489,6.6148,0.18278,0.070183,0.19252,0.052818,2.0527,6.602,0.18219,0.059311,0.22779,0.073751,2.1859,8.8415,0.21729,0.077557,0.20812,0.098632,2.5374,5.8211,0.17707,0.055888,0.18997,0.076766,2.7845,9.3927,0.16357,0.06061,0.36229,0.13788,-0.32816,-1.1551,0.4047,0.26434,0.36388,0.12859,0.29077,-0.098939,0.36789,0.16518,0.21616,0.097008,1.6783,1.8216,0.17874,0.074976,0
0.59065,0.21157,-0.24808,-0.99429,0.63014,0.36693,0.52712,0.094509,-0.73163,-0.87786,0.56781,0.16202,0.57287,0.096919,-1.3,3.2185,0.58387,0.11687,0.23992,0.067657,0.36613,1.5099,0.25137,0.10436,0.35174,0.12185,-0.18225,-0.31989,0.37764,0.18021,0.39139,0.11736,-0.10336,-0.18971,0.40758,0.16298,0.4922,0.22121,-0.66041,-1.28,0.60609,0.45444,0.3232,0.1222,-0.13555,-0.77057,0.35219,0.22666,0.27669,0.11851,1.9104,4.5456,0.25871,0.081049,0.28345,0.10098,1.25,1.3167,0.2615,0.070846,0.22087,0.056965,0.9004,3.0805,0.22127,0.077762,0.40504,0.13537,-0.20467,-0.18541,0.43797,0.20114,0.25076,0.092633,1.4676,2.0386,0.23373,0.084538,0.39971,0.17219,0.24266,-1.109,0.36984,0.29477,0.35766,0.16164,0.50215,-1.0207,0.30091,0.28138,0.24112,0.064004,1.0112,2.9476,0.23978,0.074525,0.24434,0.088824,2.0952,6.4904,0.23458,0.082965,0.20888,0.065174,1.0753,2.005,0.20019,0.11019,0.21457,0.091562,2.2558,6.4007,0.19406,0.10838,0.25674,0.16677,2.2666,4.2048,0.20738,0.11534,0.43046,0.23688,0.26061,-1.3571,0.39605,0.45516,0.34826,0.15335,-0.059953,-1.4355,0.35809,0.30666,0.21205,0.074334,1.8411,5.796,0.20089,0.10977,0.28895,0.17278,1.4661,0.78092,0.23118,0.12564,0.16159,0.031685,3.6852,23.042,0.1519,0.031989,0.20555,0.081467,3.0663,12.245,0.18763,0.075984,0.21592,0.11484,1.516,0.69868,0.16136,0.063388,0.17517,0.074843,3.3516,11.662,0.14593,0.032508,0.31523,0.11508,-0.25523,-1.172,0.34727,0.21741,0.35264,0.10716,0.48574,0.94168,0.35219,0.11262,0.21624,0.10673,1.4374,0.74293,0.16448,0.10125,0
0.67569,0.20635,-0.89398,-0.043887,0.72896,0.23386,0.58921,0.078192,-1.2839,0.67717,0.61671,0.061162,0.56066,0.089034,-1.1964,2.4001,0.57942,0.10743,0.27525,0.066202,-0.050602,0.16997,0.27663,0.083566,0.37933,0.10512,-0.15603,-0.20968,0.38445,0.14684,0.3589,0.10049,0.32592,0.017321,0.34629,0.14021,0.51154,0.19505,-0.8227,-0.786,0.58743,0.28609,0.32368,0.093569,0.012348,0.76854,0.33247,0.1155,0.297,0.083445,1.4825,5.0428,0.2853,0.08866,0.2967,0.088357,1.4674,3.3168,0.28143,0.085513,0.24446,0.061463,0.25085,0.3248,0.24508,0.084672,0.41238,0.12418,-0.22021,-0.40972,0.41523,0.17848,0.24876,0.072707,1.007,2.0865,0.2433,0.087318,0.41697,0.15921,-0.17321,-1.0907,0.42569,0.26505,0.45414,0.16396,-0.46392,-1.0546,0.50738,0.28162,0.24423,0.063497,0.41642,0.92832,0.24419,0.086078,0.24509,0.064828,0.5534,1.953,0.24597,0.085642,0.19176,0.046272,1.1408,2.3427,0.18517,0.068482,0.1833,0.047152,1.8926,7.0654,0.17227,0.068581,0.21261,0.12759,3.56,12.455,0.17988,0.067376,0.3816,0.19254,0.22167,-1.4126,0.34924,0.36884,0.26578,0.10672,0.62713,-0.66061,0.24153,0.17291,0.18539,0.04658,2.0192,8.6095,0.17652,0.063541,0.2135,0.10304,2.6036,6.3841,0.18517,0.071087,0.17171,0.034161,2.384,12.117,0.16448,0.045553,0.18672,0.043873,2.1699,10.613,0.17931,0.055878,0.18678,0.084445,2.7827,6.7302,0.15966,0.039732,0.17073,0.069755,3.9803,16.674,0.14593,0.030457,0.31751,0.099412,-0.22179,-0.98063,0.33148,0.16003,0.27955,0.089817,0.97652,1.6294,0.27091,0.12234,0.25108,0.10465,0.52235,-1.1739,0.20518,0.19284,0
0.56979,0.2362,-0.16404,-1.1568,0.60665,0.40313,0.57167,0.092753,-0.68936,-0.70183,0.60342,0.14502,0.53789,0.14565,-1.0085,0.10241,0.57049,0.1224,0.31729,0.080209,-0.42368,-0.12438,0.33346,0.10269,0.45206,0.13295,-0.85259,-0.55796,0.51011,0.20915,0.34604,0.093664,0.32904,0.64177,0.34629,0.097135,0.53539,0.21003,-0.7705,-1.0764,0.63968,0.41265,0.33335,0.099733,0.4798,1.6888,0.34431,0.11259,0.35632,0.11428,1.5214,4.1273,0.34629,0.090318,0.32863,0.083948,0.23202,0.92426,0.33444,0.088443,0.27878,0.068746,0.10246,0.20138,0.2853,0.095907,0.41815,0.12203,0.044054,0.33395,0.43891,0.15294,0.29059,0.084729,0.5747,0.71964,0.28918,0.10524,0.40458,0.15455,0.3652,-0.66461,0.38251,0.2423,0.34098,0.13285,0.92538,0.53267,0.3137,0.15771,0.29957,0.076169,0.37901,1.2267,0.30189,0.090969,0.28252,0.084429,1.0242,3.1988,0.2853,0.098559,0.20929,0.062334,1.3286,2.3129,0.19674,0.079723,0.1929,0.070895,2.5476,8.5618,0.17074,0.075448,0.21684,0.10595,3.4434,13.983,0.19079,0.079431,0.34812,0.21014,0.72986,-0.78836,0.28336,0.34249,0.29309,0.12293,0.37631,-0.71517,0.29405,0.22151,0.21635,0.078673,2.1445,6.4003,0.19811,0.082388,0.22589,0.099743,2.3297,5.773,0.20019,0.084636,0.17933,0.047421,2.4946,8.7178,0.16729,0.04838,0.20326,0.07776,2.6729,9.0039,0.18161,0.062061,0.19615,0.08667,2.7176,7.1658,0.16826,0.049927,0.18279,0.066641,3.0284,11.713,0.16093,0.051809,0.34346,0.11963,-0.43264,-0.90324,0.38445,0.2095,0.3755,0.12558,0.026483,0.14809,0.39026,0.13962,0.19026,0.069911,2.3824,6.2332,0.16681,0.053389,0
0.61748,0.21438,-0.57373,-0.63301,0.66634,0.28767,0.57764,0.089599,-0.94689,-0.30322,0.61229,0.11957,0.52836,0.12505,-0.73939,0.42933,0.5409,0.13709,0.2741,0.066958,-0.025654,0.94665,0.27951,0.070079,0.41298,0.10737,-0.48357,0.89359,0.42853,0.11891,0.36384,0.10386,0.30118,0.53996,0.36789,0.12487,0.51368,0.19283,-0.87605,-0.75431,0.59277,0.28833,0.32889,0.10207,0.28451,1.7119,0.3453,0.11361,0.30378,0.11304,2.0154,5.7397,0.28433,0.084797,0.29885,0.08785,1.5042,3.3647,0.28433,0.071443,0.24596,0.061329,0.31924,0.84873,0.24776,0.080118,0.44473,0.12958,-0.44476,0.18528,0.46879,0.1534,0.27161,0.086956,1.2016,1.976,0.25686,0.094233,0.42287,0.17799,0.19468,-1.0853,0.39412,0.29709,0.35213,0.16015,0.64736,-0.76252,0.30091,0.25767,0.2577,0.06971,0.65515,1.326,0.25502,0.082602,0.25795,0.08161,1.8391,7.232,0.25411,0.083692,0.19503,0.051443,1.7384,6.0646,0.18578,0.064438,0.18944,0.070116,3.3587,14.639,0.17175,0.06636,0.19873,0.096794,4.2792,20.733,0.17652,0.06039,0.39267,0.23549,0.59194,-1.0998,0.3216,0.42081,0.30627,0.12633,0.22265,-0.9306,0.31173,0.23418,0.19521,0.062967,2.7796,11.422,0.18161,0.062332,0.22156,0.11845,2.7141,6.7638,0.18763,0.066111,0.17546,0.040256,2.7161,15.492,0.16681,0.049665,0.20718,0.072028,3.1449,14.809,0.19406,0.064315,0.19745,0.093372,2.6471,6.1885,0.16777,0.048176,0.17139,0.059189,3.7074,17.146,0.14847,0.037902,0.34783,0.11372,-0.56602,-0.65582,0.38445,0.15949,0.3744,0.11191,0.18632,0.28753,0.37862,0.12054,0.21821,0.11008,1.691,1.5991,0.17227,0.070433,0
0.58224,0.21714,-0.21551,-1.1142,0.62622,0.3816,0.52933,0.09738,-0.55693,-1.1227,0.57407,0.17832,0.53947,0.13594,-1.1672,1.1779,0.55976,0.14353,0.2775,0.089482,-0.31235,-1.0659,0.31469,0.16779,0.40905,0.14261,-0.42183,-0.65361,0.4483,0.21515,0.37534,0.12678,-0.25944,-0.47148,0.38735,0.14668,0.45949,0.21784,-0.40285,-1.5975,0.57674,0.44848,0.31954,0.1303,0.23618,-0.061811,0.35809,0.2372,0.35328,0.13513,0.86227,1.145,0.34333,0.092279,0.32444,0.11399,0.5881,0.72915,0.3295,0.091347,0.27282,0.062165,-0.046795,0.50372,0.2824,0.085194,0.43126,0.13742,-0.040749,-0.17621,0.4483,0.20592,0.2961,0.087108,0.63593,0.63378,0.29405,0.090055,0.43617,0.18477,0.14152,-1.2832,0.40949,0.3386,0.39813,0.15984,0.29567,-1.0667,0.35809,0.27823,0.28221,0.066684,0.20368,1.677,0.29015,0.083683,0.2984,0.096792,1.3489,3.2073,0.29601,0.094553,0.19213,0.057337,1.3023,2.4599,0.17762,0.088377,0.21584,0.10568,2.2972,5.3656,0.18397,0.10125,0.22489,0.13788,2.9322,8.6233,0.18397,0.099498,0.45934,0.26763,0.16689,-1.5186,0.43325,0.55448,0.30238,0.14664,0.35181,-1.2876,0.28047,0.30736,0.19635,0.068606,2.2367,8.1893,0.17818,0.090054,0.25089,0.14801,1.9288,2.6447,0.20445,0.11415,0.16314,0.028616,2.7119,15.032,0.15562,0.035698,0.20312,0.091149,2.9858,9.3308,0.17874,0.062565,0.21051,0.10557,1.6949,1.3627,0.16494,0.054473,0.1655,0.056581,3.9331,17.437,0.1408,0.026535,0.32573,0.13685,-0.15158,-1.4172,0.38056,0.27114,0.31951,0.11572,0.72409,1.0662,0.31765,0.14318,0.21956,0.10794,1.3502,0.41758,0.16681,0.11159,0
0.71876,0.2364,-1.0252,-0.17881,0.80137,0.2681,0.54737,0.081654,-1.2181,0.23216,0.5812,0.077934,0.46922,0.13156,-0.71819,0.046574,0.49001,0.13339,0.25523,0.058142,0.3317,2.2488,0.26057,0.057474,0.35456,0.10599,-0.23856,-0.56508,0.3718,0.15658,0.34295,0.094896,0.027818,-0.013511,0.35023,0.13382,0.54329,0.19045,-1.1038,-0.40479,0.62821,0.17205,0.32198,0.086311,-0.068714,0.89787,0.33741,0.10869,0.27654,0.080238,2.3236,8.8598,0.26337,0.055148,0.2737,0.075674,2.2322,7.4643,0.26243,0.051146,0.23326,0.049485,0.89949,4.3245,0.23373,0.058481,0.38163,0.11564,-0.20815,-0.45576,0.40566,0.17581,0.24106,0.063166,2.1029,7.654,0.23373,0.058186,0.39577,0.16818,0.44362,-0.95314,0.35023,0.27666,0.33707,0.14966,0.78301,-0.6033,0.27567,0.23661,0.23751,0.056496,1.4296,6.1897,0.23373,0.058911,0.23889,0.059517,2.1254,10.705,0.23544,0.056725,0.20292,0.053761,1.3021,3.6094,0.19607,0.073649,0.20204,0.060318,2.1967,9.5844,0.19274,0.075557,0.2184,0.1113,4.1466,19.754,0.19674,0.073643,0.46383,0.24506,0.23562,-1.3634,0.42947,0.47228,0.33627,0.12027,-0.11088,-0.92451,0.36103,0.21387,0.20384,0.05999,2.1009,8.594,0.19472,0.07194,0.22851,0.10522,2.8425,8.8117,0.20518,0.075342,0.16569,0.031219,2.9195,15.527,0.15841,0.037902,0.18077,0.04269,3.0555,18.213,0.17331,0.046235,0.17829,0.081146,3.7378,13.457,0.15601,0.034085,0.16239,0.050745,4.8236,28.357,0.1427,0.024201,0.3466,0.11438,-0.57809,-0.70489,0.37667,0.14221,0.32311,0.096916,0.26997,1.6967,0.33642,0.097137,0.19946,0.086579,1.7174,1.8183,0.16093,0.061414,0
0.70419,0.2044,-1.293,0.85105,0.76223,0.17906,0.58796,0.073942,-1.7695,2.4605,0.6114,0.043429,0.51978,0.10474,-1.4701,3.179,0.5436,0.076797,0.25892,0.056952,0.21089,6.5884,0.26807,0.047647,0.33103,0.090792,0.18451,0.55907,0.32259,0.087492,0.32162,0.096228,0.77347,0.7148,0.29601,0.10565,0.57504,0.16871,-1.7454,1.645,0.64144,0.091037,0.3203,0.098723,0.93768,3.4663,0.31567,0.088347,0.28198,0.097113,2.4892,8.6081,0.26807,0.048001,0.26996,0.069875,1.8125,7.0834,0.26524,0.042081,0.23718,0.048504,0.65495,4.7187,0.23978,0.059745,0.36624,0.095059,0.23969,1.1387,0.36299,0.10526,0.24182,0.056614,1.5756,6.9,0.24065,0.054305,0.48587,0.15976,-0.6332,-0.77408,0.5409,0.25911,0.46373,0.16337,-0.53155,-1.0709,0.52917,0.29168,0.24549,0.051568,0.97979,4.9195,0.24597,0.057079,0.25434,0.062774,1.8868,10.629,0.25594,0.058841,0.21941,0.059626,0.87787,2.5857,0.21808,0.087975,0.20347,0.067086,2.3948,10.301,0.1934,0.091543,0.22373,0.10827,3.9361,18.315,0.20664,0.081027,0.61378,0.26318,-0.74128,-1.1089,0.76762,0.47273,0.25061,0.11934,0.97026,-0.09694,0.21036,0.18725,0.21069,0.057509,1.28,4.3176,0.20738,0.081503,0.23449,0.10184,2.9149,10.048,0.21967,0.082189,0.16119,0.030085,3.8332,26.785,0.15226,0.031989,0.17801,0.052275,3.6809,20.787,0.16448,0.050755,0.1708,0.072418,3.9749,15.569,0.14913,0.027012,0.16653,0.056908,3.8212,17.9,0.14028,0.028466,0.37797,0.10245,-0.76976,0.63554,0.39316,0.079054,0.30403,0.088737,0.95926,2.9315,0.30287,0.077828,0.28835,0.12256,0.1241,-1.4895,0.29699,0.2419,0
0.62503,0.19464,-0.63513,-0.36256,0.67221,0.27593,0.57492,0.082603,-1.0403,-0.11849,0.60874,0.10348,0.55823,0.10513,-1.1508,1.9887,0.57763,0.11375,0.30976,0.073473,-1.0705,0.12986,0.33444,0.06599,0.41624,0.12757,-0.4012,-0.54783,0.43514,0.17019,0.38861,0.098567,-0.10658,0.63648,0.38735,0.10892,0.50213,0.19279,-0.7586,-0.91335,0.58031,0.3008,0.36602,0.12538,-0.0943,-0.0077959,0.39894,0.1744,0.31799,0.096622,0.6446,2.8198,0.3295,0.081528,0.35833,0.1106,1.0067,1.4189,0.34136,0.061044,0.26713,0.060223,-0.62799,-0.1741,0.28143,0.076031,0.41838,0.12933,-0.47607,-0.36651,0.44173,0.17126,0.29704,0.089364,0.88285,1.3619,0.29113,0.071369,0.42487,0.16656,-0.17587,-1.2164,0.4342,0.29137,0.44173,0.18335,-0.17242,-1.2663,0.4762,0.32931,0.26585,0.064054,-0.33689,0.12363,0.27951,0.083591,0.26292,0.069784,-0.28233,0.29664,0.28143,0.094433,0.18484,0.044572,1.4975,3.7981,0.17652,0.064729,0.17434,0.044389,2.5329,11.754,0.16008,0.054445,0.20071,0.1205,3.8915,15.116,0.16973,0.063454,0.40763,0.22464,0.14165,-1.6082,0.37764,0.46355,0.29289,0.11691,0.24282,-1.0635,0.28821,0.21385,0.18048,0.044539,2.0667,9.0021,0.17124,0.063454,0.24451,0.15379,1.823,1.7562,0.18639,0.078077,0.16703,0.030272,2.3497,12.869,0.16008,0.042499,0.18831,0.046862,2.5143,14.691,0.18103,0.059619,0.20865,0.11719,2.1173,2.9255,0.16448,0.049105,0.16413,0.053105,4.9001,30.584,0.14054,0.029454,0.31532,0.11699,0.1325,-0.77415,0.33247,0.19902,0.32904,0.097454,0.39211,0.80506,0.33741,0.12961,0.26477,0.121,0.52619,-1.2051,0.20961,0.22564,0
0.65475,0.1895,-0.12566,-0.96039,0.66732,0.32387,0.50434,0.076464,-0.088308,-1.1479,0.50465,0.1352,0.54626,0.094661,0.073075,-0.14698,0.53097,0.14394,0.30388,0.085259,-0.73113,-0.70981,0.33049,0.11567,0.43423,0.13145,-0.41941,-0.82449,0.46415,0.2052,0.41382,0.10426,-0.10831,0.22261,0.42569,0.13576,0.44703,0.21303,0.028139,-1.5727,0.38832,0.4053,0.34777,0.12451,-0.27079,-1.0401,0.36299,0.19791,0.44485,0.17442,0.61243,-0.51892,0.38929,0.24144,0.36774,0.11189,0.96726,1.4232,0.35416,0.078509,0.26997,0.072616,-0.51317,-0.66647,0.28724,0.10446,0.44666,0.14418,-0.30221,-0.80241,0.4725,0.23803,0.31249,0.098465,0.77525,1.0039,0.30483,0.091515,0.44368,0.17598,-0.090553,-0.89373,0.43891,0.26761,0.36873,0.14163,0.23167,-0.5059,0.36103,0.18665,0.29344,0.092962,-0.19877,-0.57066,0.31173,0.12255,0.28476,0.084102,0.46709,2.4585,0.29699,0.090158,0.2241,0.064387,0.35528,-0.15046,0.22452,0.11013,0.23908,0.096923,1.8938,5.149,0.22699,0.11644,0.25735,0.14925,2.8052,8.0751,0.22782,0.10781,0.36118,0.23648,0.97731,-0.28288,0.2643,0.35969,0.34466,0.16545,0.098205,-1.6185,0.31567,0.33,0.30299,0.15658,1.1088,0.11326,0.25964,0.14498,0.29253,0.16096,1.5829,1.3732,0.24686,0.11176,0.17073,0.030022,1.1634,4.1867,0.16494,0.050515,0.19786,0.084824,3.9802,18.052,0.18161,0.064027,0.22246,0.12833,1.6962,1.1776,0.16777,0.053951,0.48892,0.18623,-0.92523,-0.64483,0.56065,0.21047,0.29855,0.10824,-0.091394,-1.3378,0.31666,0.20204,0.42283,0.14956,0.03437,-0.94968,0.41236,0.2421,0.17203,0.037293,2.2611,7.9321,0.16268,0.043634,1
0.47429,0.19756,0.31382,-0.65936,0.47065,0.31409,0.54732,0.08812,-0.22033,-1.2376,0.56692,0.15959,0.56789,0.14702,-1.0025,0.37296,0.61671,0.17604,0.24326,0.080053,0.75045,1.4751,0.24241,0.12374,0.4582,0.17517,-0.4002,-0.93994,0.50556,0.29605,0.42326,0.16013,0.49355,-0.73741,0.3757,0.25654,0.4103,0.2676,0.17942,-1.7946,0.31666,0.55652,0.28175,0.12088,1.2953,3.1252,0.29015,0.17396,0.29748,0.13798,1.4569,2.4672,0.27186,0.15229,0.30939,0.13506,1.1781,0.47371,0.26901,0.12919,0.22399,0.068272,1.0575,2.3265,0.21573,0.098376,0.49736,0.18129,-0.48504,-0.91985,0.55797,0.30894,0.27655,0.12025,1.1901,0.6774,0.24866,0.12293,0.51078,0.2028,-0.45498,-1.2966,0.60874,0.36633,0.36986,0.17948,0.38528,-1.1296,0.31173,0.33082,0.28148,0.10199,0.84944,0.44925,0.26712,0.12163,0.24634,0.08939,1.2476,2.6084,0.23287,0.12089,0.19923,0.062588,1.5213,2.995,0.18397,0.087892,0.20513,0.077335,1.9859,5.1966,0.18397,0.096887,0.24039,0.1597,2.4696,5.2152,0.18763,0.097694,0.43374,0.24421,0.36834,-1.3403,0.38251,0.5136,0.29037,0.13227,0.3957,-0.88821,0.29308,0.24512,0.25416,0.12464,1.4899,1.5444,0.21651,0.125,0.27009,0.16246,1.4159,0.55862,0.20518,0.12503,0.16909,0.037944,3.1293,16.961,0.15882,0.044289,0.19717,0.076503,3.0056,12.073,0.17707,0.065013,0.26501,0.14387,1.0772,-0.33783,0.19539,0.18219,0.37177,0.28157,0.97187,-0.64197,0.22452,0.37075,0.35073,0.13083,-0.31296,-0.98203,0.38251,0.23325,0.33627,0.13266,0.51524,0.0060495,0.32852,0.18892,0.24187,0.12554,0.88083,-0.83656,0.16973,0.23054,1
0.43449,0.10401,1.3883,5.1816,0.42759,0.10176,0.44813,0.03462,0.35963,3.4748,0.44924,0.035592,0.4367,0.096327,1.1698,0.95728,0.41141,0.071479,0.22991,0.044916,0.23417,1.9949,0.23202,0.054053,0.26174,0.067339,2.5275,12.454,0.25594,0.060924,0.28723,0.11189,1.8213,2.6256,0.25137,0.070347,0.24684,0.069267,2.2097,10.882,0.24241,0.063598,0.22879,0.051669,1.5056,8.4203,0.22782,0.053219,0.53169,0.1588,-1.1182,0.25972,0.58031,0.16063,0.27156,0.10431,2.167,3.933,0.24065,0.05456,0.19899,0.039236,0.4857,1.6187,0.20019,0.055609,0.25122,0.079102,2.2881,12.345,0.24866,0.083503,0.22163,0.078369,2.3183,5.5567,0.20738,0.054705,0.2342,0.064341,0.85183,4.2298,0.23544,0.091804,0.2674,0.098516,0.92471,0.78221,0.24686,0.13182,0.34673,0.11469,-0.2872,-0.75211,0.35907,0.16139,0.20583,0.061289,3.9763,24.102,0.20159,0.052857,0.18042,0.040237,1.2606,4.1558,0.17331,0.06636,0.18043,0.061762,4.4065,25.928,0.16634,0.058519,0.20282,0.13058,3.739,13.428,0.16826,0.059909,0.17555,0.05886,5.4223,42.556,0.1605,0.051809,0.1854,0.056967,3.1254,14.633,0.17331,0.065628,0.41365,0.13175,-0.9902,-0.24846,0.45857,0.13102,0.23641,0.15144,2.2247,3.4805,0.18639,0.069984,0.15817,0.020978,1.898,13.992,0.15154,0.029454,0.16869,0.052682,5.5634,37.298,0.1568,0.036792,0.19166,0.098941,2.2892,3.6899,0.15409,0.033556,0.15964,0.043575,6.1044,44.39,0.14847,0.023745,0.33681,0.12932,-0.18551,-1.3105,0.36005,0.24506,0.30715,0.10318,0.068465,-0.60927,0.31666,0.1683,0.15491,0.022372,5.7106,66.292,0.14782,0.022844,1
0.41429,0.13009,1.6919,3.041,0.37671,0.088063,0.44872,0.065628,1.5148,1.7872,0.42947,0.045325,0.48959,0.13565,0.20795,-0.95693,0.44642,0.23345,0.23017,0.066283,1.0567,1.6943,0.22047,0.076521,0.27151,0.11088,1.7466,3.1117,0.23978,0.083503,0.47759,0.13193,-0.68944,0.12704,0.49642,0.17973,0.26285,0.15921,2.1251,3.2439,0.21188,0.069578,0.23838,0.090444,2.0238,5.4227,0.21888,0.075258,0.41321,0.15703,0.094719,-0.89741,0.40566,0.25194,0.30339,0.13593,1.326,0.75684,0.25502,0.12443,0.20677,0.054232,1.1893,3.3541,0.2023,0.069641,0.26457,0.10841,1.746,3.8976,0.24241,0.091755,0.23347,0.096449,1.5284,2.0152,0.21264,0.10286,0.42717,0.1742,-0.26164,-1.1295,0.46415,0.30731,0.28924,0.14922,1.3283,0.86928,0.23717,0.14904,0.29815,0.10558,0.086186,-0.87747,0.30287,0.16878,0.21366,0.070753,2.2097,8.0962,0.20373,0.070826,0.16179,0.032234,3.2016,19.285,0.14913,0.03303,0.16561,0.058366,5.1311,30.863,0.14532,0.029454,0.22269,0.17066,2.4987,4.7063,0.1572,0.053119,0.1998,0.14425,2.7958,6.4227,0.14028,0.030457,0.17782,0.076629,3.6375,14.558,0.15084,0.037345,0.37697,0.16243,-0.35947,-1.4952,0.44642,0.32669,0.22825,0.14838,1.7592,1.4022,0.16224,0.06061,0.16373,0.026465,2.941,21.753,0.15841,0.036243,0.17788,0.06394,5.0731,31.433,0.16402,0.039853,0.22389,0.12961,1.6737,1.0877,0.16681,0.048976,0.22046,0.10817,1.6895,2.0201,0.17279,0.099684,0.25775,0.094103,0.87804,0.59906,0.24241,0.1413,0.22948,0.091918,1.6667,3.5332,0.2023,0.10997,0.19541,0.091424,2.2026,3.7192,0.16093,0.045944,1
0.58304,0.16253,0.12531,-0.17703,0.57436,0.21429,0.50478,0.049109,-0.28769,0.94495,0.50556,0.058369,0.51964,0.096479,0.088855,0.016269,0.50738,0.14064,0.29433,0.059511,-0.20336,1.7129,0.29796,0.073878,0.45971,0.10117,-1.0089,0.97029,0.48541,0.098998,0.50552,0.084794,-1.2084,3.2335,0.51739,0.083705,0.477,0.17363,-0.25254,-1.0603,0.49825,0.29933,0.42084,0.11689,-0.71047,0.091998,0.45391,0.14114,0.47654,0.17584,0.32397,-1.1361,0.43136,0.3095,0.45615,0.10354,-0.85294,0.5002,0.48173,0.11621,0.26197,0.053487,0.14433,1.5943,0.2643,0.066652,0.51361,0.11621,-0.83197,0.56585,0.5409,0.12053,0.28794,0.083323,1.3385,3.3946,0.27951,0.086409,0.50849,0.13734,-0.41175,-0.19378,0.52555,0.19618,0.41715,0.1253,-0.024447,-0.54648,0.41808,0.18919,0.33763,0.10675,0.50001,-0.34942,0.31962,0.1489,0.26023,0.065887,1.1682,5.1969,0.26057,0.073926,0.22654,0.061225,0.61343,0.97221,0.22534,0.087814,0.2295,0.076649,1.6589,5.6728,0.2237,0.098274,0.22253,0.081233,3.1227,17.856,0.21264,0.086768,0.30961,0.16748,1.2512,0.73141,0.25502,0.18876,0.47771,0.14526,-0.94831,-0.064187,0.52826,0.17197,0.3131,0.13901,0.74236,-0.60843,0.27186,0.19701,0.24488,0.091044,2.3748,8.2769,0.23458,0.086473,0.17482,0.032111,1.7883,8.012,0.17074,0.044922,0.26568,0.074543,0.79458,1.8217,0.26618,0.092413,0.17946,0.068145,3.7474,15.059,0.1618,0.041265,0.18285,0.074378,3.1182,10.514,0.15882,0.044893,0.42651,0.11243,-0.78971,0.27438,0.43703,0.14014,0.44793,0.10861,-0.42747,-0.037998,0.4623,0.15993,0.16497,0.037641,4.0048,23.404,0.15485,0.034085,1
0.58345,0.13856,0.35894,0.41941,0.56947,0.16634,0.49402,0.045703,0.32025,1.5572,0.48909,0.04954,0.5223,0.068915,-0.97025,7.9002,0.52283,0.049859,0.30006,0.050325,-0.45834,2.9144,0.29894,0.048925,0.42241,0.070394,-1.0921,5.3261,0.42758,0.06821,0.41717,0.06387,-0.34596,2.7034,0.41618,0.075457,0.29455,0.068229,1.4305,9.1125,0.28918,0.056259,0.36572,0.068632,-0.98864,2.2832,0.36984,0.076069,0.30147,0.054799,1.4252,9.2452,0.29503,0.050769,0.30181,0.054059,1.3703,5.3704,0.29308,0.050694,0.28077,0.050536,0.80341,2.1581,0.27567,0.053385,0.47529,0.075732,-0.44091,2.4202,0.47804,0.088631,0.31596,0.057014,0.43302,1.8684,0.31271,0.06584,0.6165,0.11646,-0.61855,1.8962,0.61848,0.12126,0.32715,0.069784,1.2106,2.7136,0.31469,0.065928,0.38882,0.078352,-0.49168,-0.22055,0.40374,0.11494,0.28306,0.058493,1.4607,5.5278,0.27567,0.055273,0.21297,0.066386,1.0644,1.3933,0.20445,0.098755,0.2222,0.074201,1.3044,2.9383,0.21264,0.10226,0.22804,0.095844,2.7778,12.883,0.21036,0.10589,0.25666,0.090594,1.0037,2.0457,0.24776,0.11953,0.44791,0.098615,-1.1408,1.7227,0.4623,0.10627,0.22005,0.066478,1.1477,2.3073,0.21341,0.087734,0.23797,0.10014,2.389,7.8956,0.22208,0.10112,0.16549,0.031064,2.6818,13.146,0.1576,0.037902,0.20874,0.047569,1.7784,8.9672,0.20373,0.057203,0.19214,0.059832,2.5787,8.1914,0.17652,0.050674,0.1668,0.039896,4.3016,27.79,0.1568,0.036243,0.56175,0.092394,-3.0304,9.5193,0.58476,0.046326,0.3822,0.088756,-0.66678,0.66598,0.39798,0.10522,0.16277,0.030048,3.208,18.314,0.15447,0.03303,1
0.53404,0.1474,0.58364,0.50957,0.51272,0.17515,0.50475,0.054993,0.61853,1.451,0.49825,0.057593,0.6106,0.08135,-0.63723,2.8712,0.60431,0.098351,0.26177,0.063432,0.63688,2.9538,0.26243,0.071643,0.41639,0.095052,-0.52597,0.4539,0.42758,0.11879,0.40226,0.098554,-0.18829,-0.25131,0.40278,0.13885,0.3915,0.12032,0.053729,-0.26582,0.39219,0.17222,0.34861,0.093152,-0.25692,-0.12323,0.35514,0.12507,0.54106,0.15848,-0.72624,-0.53301,0.5901,0.25468,0.27733,0.07686,1.7982,5.5558,0.26807,0.06927,0.26844,0.054157,0.89032,3.9351,0.26524,0.063383,0.48527,0.10817,-0.080592,-0.74487,0.48357,0.17224,0.33481,0.078247,0.45055,0.75173,0.33247,0.098166,0.39316,0.13361,0.58945,-0.42126,0.35711,0.19693,0.52649,0.15063,0.15539,-0.52949,0.52283,0.20768,0.38074,0.12259,0.32333,-0.96737,0.35121,0.20563,0.26952,0.058234,1.5872,7.6105,0.26524,0.061545,0.18938,0.0515,1.76,6.2125,0.17988,0.077015,0.18864,0.05678,2.3068,9.3065,0.17544,0.075448,0.18989,0.085491,4.714,28.289,0.16826,0.067097,0.19163,0.075018,3.4815,17.24,0.17074,0.072359,0.38383,0.12913,-0.10236,-0.96063,0.38735,0.20853,0.27673,0.12976,0.90874,-0.31321,0.23287,0.18622,0.19878,0.089536,3.7185,16.275,0.17762,0.07597,0.17064,0.037033,3.0249,20.035,0.1618,0.048605,0.22021,0.062031,1.5131,6.0794,0.21264,0.080127,0.21956,0.093859,1.8151,3.0632,0.18639,0.088566,0.17374,0.05511,3.8444,19.314,0.1576,0.044289,0.4633,0.11899,-1.1948,0.69132,0.50099,0.1386,0.53785,0.098201,-1.7143,3.9347,0.56065,0.084368,0.16621,0.038737,3.9789,26.591,0.15485,0.038463,1
0.55633,0.12511,0.14943,0.72783,0.55479,0.14384,0.45797,0.033471,-0.39785,3.483,0.4595,0.031661,0.4431,0.073608,-0.22123,3.2486,0.44079,0.062941,0.2093,0.035673,0.86163,1.8132,0.20591,0.039362,0.25818,0.064859,1.8315,6.9332,0.24508,0.070913,0.60851,0.097874,-2.0171,5.0751,0.6335,0.078654,0.20513,0.041977,5.2901,57.558,0.20019,0.034908,0.20987,0.03657,1.4467,6.1304,0.20664,0.03791,0.19412,0.060239,4.9656,37.26,0.18278,0.041154,0.24646,0.074767,2.5141,8.4156,0.22534,0.068362,0.19477,0.033001,0.19564,-0.35595,0.19539,0.04785,0.26926,0.073363,1.5808,7.6833,0.26337,0.081943,0.17271,0.054946,3.8381,19.207,0.15119,0.049875,0.2888,0.08251,-0.058382,-0.65911,0.29308,0.1252,0.25771,0.066134,1.1252,3.9667,0.25137,0.082391,0.3967,0.075972,-0.39792,1.5066,0.39412,0.078896,0.19537,0.044832,4.5186,36.072,0.19274,0.042669,0.16897,0.033518,1.125,0.83199,0.1568,0.050515,0.16316,0.04442,5.8708,47.841,0.14502,0.035156,0.17251,0.076986,6.2286,45.285,0.14782,0.040746,0.16172,0.05037,7.9945,86.31,0.14028,0.031475,0.16508,0.038208,4.1397,31.601,0.14981,0.040169,0.38734,0.14093,-0.61718,-0.99617,0.44079,0.24228,0.18169,0.086178,4.5073,21.56,0.15841,0.049875,0.15691,0.019185,1.2016,1.0364,0.15049,0.027978,0.16023,0.035585,6.7047,61.581,0.1519,0.028958,0.19486,0.06044,2.2627,6.7818,0.17931,0.064312,0.15542,0.029314,7.6824,81.971,0.1475,0.022398,0.24392,0.059975,0.37723,-0.10617,0.24153,0.082905,0.57748,0.09399,-1.9795,4.4844,0.60431,0.076654,0.15212,0.01545,2.0415,8.7056,0.14593,0.019798,1
0.43506,0.14869,1.3923,2.1421,0.39922,0.11644,0.47681,0.071938,0.80964,0.86003,0.4595,0.06491,0.54383,0.18721,-0.72501,-0.84649,0.61583,0.27959,0.20684,0.069049,1.3844,2.0251,0.18517,0.080487,0.30787,0.14058,1.0237,0.55935,0.26712,0.19408,0.32117,0.1508,0.57596,-0.82769,0.27951,0.2541,0.24215,0.18101,2.161,3.2147,0.16924,0.073854,0.21972,0.11311,2.412,6.4316,0.17874,0.074849,0.33886,0.2074,0.78816,-0.7362,0.26996,0.34887,0.3143,0.18506,0.90246,-0.74239,0.22047,0.32352,0.19254,0.056583,1.5245,4.8316,0.18045,0.084242,0.29641,0.12568,1.0947,1.3585,0.27567,0.14457,0.25841,0.14597,1.2633,-0.00032721,0.19811,0.12604,0.33409,0.17014,0.66681,-0.51483,0.27951,0.28794,0.31059,0.18724,0.95366,-0.39336,0.22452,0.29135,0.28326,0.15633,1.5219,1.9679,0.23202,0.18181,0.19503,0.069156,2.8251,14.274,0.17931,0.084242,0.16583,0.044022,2.9935,12.899,0.14028,0.037345,0.1681,0.068403,4.5149,23.98,0.14028,0.027978,0.25195,0.20934,1.9161,2.0605,0.15154,0.07467,0.25874,0.21711,1.662,1.0674,0.14028,0.067097,0.20071,0.11116,2.2937,4.722,0.14502,0.056464,0.28403,0.20642,1.071,-0.63306,0.15966,0.3248,0.28219,0.19487,1.0214,-0.78048,0.17074,0.37847,0.17345,0.035062,1.7927,8.1445,0.16587,0.053119,0.18747,0.067879,4.4236,26.994,0.17331,0.059309,0.3005,0.19137,0.63523,-1.4984,0.17544,0.39317,0.2372,0.14447,1.5527,1.0915,0.16681,0.112,0.28807,0.15222,0.61524,-1.2346,0.20373,0.28077,0.26712,0.1292,1.1048,0.36542,0.21888,0.17634,0.18262,0.072037,2.4743,5.8225,0.15485,0.044893,1
0.55037,0.14481,0.58625,0.27217,0.5274,0.18885,0.50827,0.058569,0.44379,-0.32691,0.49551,0.085707,0.58415,0.06769,-0.92517,5.8766,0.58387,0.066809,0.2878,0.056235,0.37684,2.5428,0.28433,0.077966,0.4073,0.10297,0.11338,-0.7572,0.40662,0.16749,0.41831,0.11655,-0.038153,-0.98793,0.42379,0.19603,0.41915,0.17289,0.57227,-1.1575,0.34826,0.31806,0.38403,0.10846,-0.028414,-0.92874,0.38735,0.18225,0.29685,0.082909,2.3071,8.2048,0.28143,0.082549,0.28534,0.061039,1.6819,6.8411,0.27759,0.075438,0.23731,0.051778,0.59951,2.3281,0.23717,0.06694,0.44818,0.12843,0.024907,-0.93464,0.44642,0.21581,0.25627,0.068564,0.9385,1.7961,0.24686,0.083692,0.33617,0.098769,0.47894,0.39001,0.32852,0.12893,0.32681,0.13839,1.2709,1.3412,0.2853,0.15943,0.31887,0.080922,0.31654,0.012523,0.30976,0.10558,0.23435,0.054149,1.1265,5.4956,0.23287,0.067381,0.17006,0.039223,2.5329,12.08,0.1568,0.047976,0.16301,0.041873,4.3652,29.552,0.14133,0.033556,0.17093,0.06844,6.1351,47.148,0.14814,0.040169,0.1641,0.043804,5.3555,47.925,0.14532,0.035698,0.39151,0.1576,-0.044271,-1.2743,0.39701,0.28592,0.16404,0.037572,3.5144,21.669,0.14718,0.037345,0.17283,0.064727,4.757,27.495,0.15119,0.043688,0.16491,0.028618,2.4285,12.966,0.158,0.039028,0.24536,0.086821,0.60668,-0.66512,0.21967,0.14739,0.16385,0.047437,5.3306,33.172,0.1519,0.029954,0.20559,0.077699,1.8519,3.728,0.17818,0.083739,0.50304,0.07446,-2.3336,7.2468,0.51739,0.057266,0.44125,0.09338,-1.0576,1.3615,0.46137,0.099076,0.15978,0.026928,3.7016,28.179,0.1519,0.029954,1
0.52966,0.21263,0.54109,-0.67901,0.47358,0.31507,0.4843,0.075982,0.60364,-0.22424,0.4725,0.10348,0.51727,0.15752,-0.062421,-1.4176,0.47989,0.29967,0.24593,0.091888,0.68285,-0.73113,0.21573,0.15605,0.29091,0.11644,1.1677,1.3894,0.25137,0.16857,0.35779,0.13579,0.43525,-0.48459,0.35711,0.2166,0.31568,0.20501,0.9176,-0.71704,0.2023,0.35435,0.24922,0.10605,1.1195,0.91032,0.21036,0.15775,0.40198,0.17667,0.15802,-1.0279,0.39894,0.31692,0.36549,0.14322,0.37757,-1.0044,0.34826,0.25407,0.22767,0.072054,0.72703,-0.041263,0.21264,0.10835,0.29981,0.11869,1.4786,3.4898,0.27663,0.13699,0.29206,0.13104,0.61914,-0.86299,0.25502,0.19427,0.46387,0.20924,-0.08203,-1.4413,0.5092,0.38689,0.29418,0.13247,1.1963,1.1209,0.2643,0.1584,0.33398,0.13886,0.075905,-1.4115,0.32654,0.26249,0.23151,0.10237,1.6472,3.5526,0.20445,0.15182,0.17783,0.044872,1.9552,6.5027,0.16402,0.058519,0.17701,0.073379,3.7361,15.455,0.15049,0.042499,0.24488,0.18006,2.1149,3.0405,0.17175,0.091744,0.20364,0.15828,2.9526,7.6816,0.14028,0.033556,0.17995,0.069671,3.15,11.952,0.15262,0.049238,0.25783,0.13113,0.89947,-0.70657,0.19949,0.22946,0.30428,0.18959,0.89507,-1.001,0.20518,0.38497,0.16379,0.029206,3.0961,22.709,0.15601,0.037902,0.1878,0.079957,3.7544,15.84,0.16729,0.053791,0.26538,0.14671,0.83319,-1.1107,0.18161,0.29268,0.19275,0.090706,3.1634,10.264,0.1654,0.05783,0.23589,0.08435,0.64977,-0.39659,0.21612,0.14405,0.39031,0.15117,-0.14744,-0.89868,0.42189,0.26692,0.17368,0.069753,3.7294,14.465,0.15154,0.034619,1
0.39803,0.10851,1.8783,4.8996,0.36986,0.09589,0.47434,0.050565,1.2723,1.5666,0.46044,0.054715,0.61641,0.073126,0.1354,2.1118,0.60342,0.084134,0.21094,0.041886,0.57682,0.67109,0.20738,0.050613,0.39335,0.10952,-0.23435,-0.60377,0.40374,0.16914,0.40465,0.11975,-0.072288,-0.7997,0.41523,0.19138,0.37667,0.17914,0.75072,-0.64721,0.3216,0.25462,0.3444,0.11046,-0.19447,-0.95667,0.35613,0.18195,0.36887,0.14959,0.37251,-0.89237,0.34826,0.2511,0.21864,0.082062,3.4466,13.416,0.20089,0.047947,0.19448,0.044756,0.543,-0.29391,0.19144,0.074976,0.44592,0.13178,-0.22306,-0.74592,0.45578,0.21204,0.31328,0.088578,0.62397,1.1448,0.30877,0.099379,0.35388,0.17072,1.0728,0.49973,0.30779,0.18852,0.46718,0.14009,-0.50248,-0.1129,0.49276,0.17889,0.36837,0.12901,-0.33175,-1.0418,0.39412,0.21378,0.19391,0.049204,2.1158,14.584,0.19015,0.073556,0.18004,0.047911,1.9196,5.4406,0.16681,0.062737,0.1791,0.052257,2.3161,7.8585,0.16136,0.059909,0.17907,0.070915,4.8655,33.221,0.1564,0.05116,0.21217,0.15242,3.0349,8.3628,0.1568,0.06061,0.38354,0.14614,-0.11912,-1.1278,0.39509,0.24685,0.17523,0.04816,2.4935,9.4571,0.15841,0.054445,0.19891,0.10348,3.3978,12.038,0.16826,0.067837,0.16255,0.02469,1.0915,0.6929,0.15523,0.037902,0.2209,0.063031,0.75659,0.43817,0.21036,0.092197,0.17455,0.080166,4.0071,15.613,0.1519,0.032508,0.17411,0.060684,3.6432,15.598,0.15485,0.040169,0.47848,0.10369,-2.0261,3.6028,0.51102,0.069425,0.39228,0.095918,-0.79481,0.27085,0.41141,0.11426,0.17067,0.056771,3.7473,15.867,0.15298,0.036243,1
0.47173,0.1035,0.70166,1.8384,0.4638,0.12427,0.52408,0.045934,0.60857,1.1705,0.5183,0.056236,0.53464,0.075974,-0.29866,1.7265,0.52917,0.092113,0.29328,0.055771,0.45662,0.56777,0.28918,0.071515,0.43333,0.074854,0.12438,0.2357,0.43042,0.10117,0.35607,0.075458,0.7114,0.70207,0.34629,0.093162,0.31474,0.094734,1.933,4.9011,0.29503,0.085542,0.31292,0.061603,1.4112,7.1378,0.3068,0.066672,0.59255,0.13223,-1.0966,0.70161,0.62556,0.14901,0.2995,0.057556,0.93067,2.898,0.29503,0.070914,0.28278,0.082408,0.68817,0.30864,0.26996,0.097729,0.45831,0.088246,0.099095,0.097369,0.45484,0.11947,0.32204,0.079188,0.28491,-0.0099267,0.31765,0.10468,0.53622,0.14223,-0.49165,-0.4519,0.55976,0.21335,0.51424,0.10275,-0.24906,0.4662,0.51557,0.14293,0.48147,0.07367,-1.6611,4.7432,0.49092,0.072542,0.28408,0.082835,0.72729,0.44599,0.27091,0.096058,0.22604,0.074479,1.1673,0.95744,0.20738,0.087884,0.22509,0.075939,1.17,1.0171,0.20591,0.09231,0.2216,0.079147,1.7519,5.3124,0.19949,0.088255,0.24021,0.099268,2.0779,6.4641,0.21573,0.10532,0.35721,0.099495,0.18212,-0.58172,0.35023,0.14899,0.3158,0.093921,0.091563,-0.87526,0.31074,0.15066,0.2276,0.079743,1.523,3.1871,0.20738,0.089831,0.20348,0.057334,1.5736,2.6548,0.18888,0.058411,0.21001,0.058516,1.7116,4.4552,0.19607,0.05909,0.20646,0.06167,1.7478,3.5219,0.18763,0.059472,0.19709,0.059542,1.8994,4.4258,0.17931,0.05621,0.49229,0.072881,-1.1674,3.6031,0.49734,0.087888,0.40212,0.062847,-0.64403,2.6921,0.40566,0.066172,0.20044,0.059081,1.6601,2.7855,0.18278,0.057582,1
0.68384,0.20319,-0.72315,-0.2548,0.72505,0.26223,0.53855,0.07678,-1.1994,0.73423,0.56424,0.079078,0.61063,0.078915,-1.0957,4.5639,0.60874,0.077936,0.29866,0.079229,-0.68046,-0.12399,0.32061,0.086954,0.45938,0.14063,-1.1794,0.24368,0.50829,0.12496,0.48767,0.11721,-1.4007,1.4185,0.5192,0.1176,0.51501,0.16747,-1.2705,0.16064,0.58031,0.11829,0.42852,0.1408,-1.0668,-0.21021,0.48541,0.13929,0.32821,0.10062,0.82726,2.5662,0.32654,0.072827,0.32618,0.08755,0.86073,2.2425,0.32358,0.070843,0.28309,0.056426,-0.24723,0.90122,0.29113,0.06825,0.53442,0.141,-1.1916,0.29839,0.58654,0.13084,0.31543,0.088022,1.0882,1.5885,0.30287,0.085826,0.53115,0.14642,-0.51142,-0.24849,0.53909,0.19018,0.40489,0.14962,0.71867,-0.29277,0.36495,0.18628,0.31782,0.062127,0.0094717,1.5545,0.3216,0.069832,0.28345,0.057732,-0.21571,1.0373,0.2921,0.067341,0.2127,0.076063,0.98937,0.73353,0.19607,0.12496,0.23354,0.082972,0.63437,0.046601,0.22866,0.15475,0.22263,0.10543,2.7613,11.705,0.19674,0.12873,0.40498,0.21581,0.34753,-1.1649,0.36593,0.38726,0.50546,0.17457,-1.2148,0.049966,0.57139,0.14571,0.23648,0.10825,1.8293,4.1147,0.21418,0.14212,0.26819,0.14231,1.8392,3.1993,0.23978,0.14544,0.15668,0.024269,3.6212,31.252,0.14593,0.027012,0.25529,0.07256,0.0032887,-0.59275,0.26337,0.117,0.19173,0.10036,2.6306,5.7821,0.15485,0.041911,0.2546,0.13066,0.98059,-0.28149,0.19406,0.20404,0.32937,0.097111,-0.31187,-0.38983,0.34234,0.12516,0.47088,0.13285,-0.69026,0.0049915,0.49276,0.1587,0.15938,0.033837,3.6485,18.263,0.14562,0.026061,1
0.45537,0.19942,0.64895,-0.42158,0.39237,0.28571,0.48214,0.075824,0.47309,-0.5497,0.45857,0.11976,0.53337,0.14504,-0.66323,-0.15601,0.53459,0.20302,0.23282,0.095072,1.0172,0.59152,0.20302,0.16055,0.33788,0.16325,0.47599,-1.1508,0.28047,0.30377,0.34346,0.14626,0.18749,-1.1341,0.35023,0.26419,0.33004,0.2219,0.89188,-0.86568,0.21495,0.40245,0.24482,0.12677,1.0716,-0.15688,0.18045,0.20009,0.39971,0.19429,0.47245,-0.8958,0.35416,0.31936,0.30687,0.13732,0.74016,-0.53794,0.27281,0.19783,0.21564,0.077838,1.2672,1.7426,0.19472,0.11587,0.36904,0.17617,0.52129,-0.9876,0.30385,0.31293,0.28638,0.12985,0.87262,-0.29884,0.24956,0.17079,0.39701,0.20351,0.30431,-1.2004,0.36397,0.37293,0.29859,0.14163,0.73356,-0.3847,0.26524,0.22308,0.31166,0.14169,0.50978,-0.83799,0.28821,0.23325,0.23163,0.10799,1.9822,4.4483,0.19949,0.12367,0.20308,0.075831,1.4349,2.1234,0.17598,0.10391,0.21588,0.10748,2.0631,4.5203,0.17175,0.11475,0.25082,0.17228,2.3196,4.793,0.18639,0.13539,0.23988,0.15039,1.9199,3.0697,0.17023,0.13635,0.2642,0.16902,1.137,-0.23977,0.16924,0.23737,0.31718,0.18806,0.86211,-0.69559,0.25047,0.28639,0.31069,0.20177,1.0749,-0.45378,0.22289,0.21563,0.1565,0.029291,4.035,25.78,0.14242,0.023293,0.19372,0.083125,3.0575,11.479,0.16494,0.070836,0.24316,0.15147,1.1868,-0.41741,0.16008,0.13348,0.23604,0.13629,1.2836,0.27774,0.1576,0.17243,0.29981,0.15829,0.35357,-1.5314,0.22047,0.31322,0.33635,0.14194,0.62503,0.76464,0.33247,0.22224,0.16289,0.049257,3.8997,18.301,0.14242,0.023293,1
0.58572,0.17458,-0.05067,-0.2773,0.58415,0.22994,0.52462,0.067853,-0.03944,-0.18897,0.52555,0.097009,0.55285,0.11645,-0.20447,0.074045,0.54899,0.17009,0.27549,0.056437,-0.052656,0.30972,0.27855,0.075783,0.4182,0.11842,-0.50765,-0.89748,0.45391,0.19725,0.39997,0.0955,-0.46917,-0.26087,0.41236,0.12645,0.46424,0.1954,-0.30448,-1.4019,0.5183,0.38554,0.37437,0.14028,0.48382,-0.20257,0.37667,0.19606,0.4799,0.17964,0.051493,-1.3911,0.48909,0.33542,0.28013,0.061639,1.1359,3.9587,0.27759,0.075783,0.22997,0.054333,0.32597,0.45551,0.23033,0.07727,0.47596,0.15459,-0.4097,-1.1303,0.52192,0.27995,0.30058,0.087732,0.1797,-0.72512,0.29601,0.14314,0.56066,0.13461,-0.84545,0.44221,0.58565,0.17992,0.38862,0.14934,0.69363,-0.42302,0.34629,0.19832,0.36242,0.13378,0.3237,-1.1897,0.3216,0.24503,0.23829,0.059802,1.1749,5.7136,0.23717,0.076604,0.21469,0.070197,0.99485,0.55876,0.20089,0.10348,0.21197,0.074388,1.3454,2.3479,0.19406,0.10844,0.21895,0.089801,2.8657,13.936,0.19949,0.10313,0.29465,0.18438,1.3274,0.73111,0.22208,0.2258,0.41835,0.19201,-0.24546,-1.4549,0.48633,0.37527,0.31439,0.14665,0.60051,-0.92833,0.27091,0.24889,0.22629,0.091605,2.2686,7.788,0.20886,0.10577,0.15495,0.022276,2.845,15.115,0.14413,0.023293,0.2161,0.067873,0.88254,0.73632,0.20302,0.10456,0.16185,0.051707,5.0229,28.409,0.14442,0.023293,0.15222,0.033102,6.9239,65.066,0.14028,0.011619,0.43227,0.14504,-0.7109,-0.76636,0.48541,0.21938,0.47243,0.099281,-1.0984,2.1441,0.49459,0.10967,0.16756,0.060285,3.7529,14.969,0.14562,0.027012,1
0.65612,0.20824,-0.7205,-0.24312,0.69472,0.25147,0.55646,0.083823,-1.1394,0.26543,0.58654,0.091229,0.51224,0.12882,-0.97327,0.59127,0.54,0.14308,0.25028,0.051255,0.44662,2.419,0.24956,0.059034,0.41376,0.11112,-0.60538,-0.24453,0.44267,0.13893,0.37612,0.11202,-0.10235,-0.54012,0.38929,0.16266,0.49466,0.17131,-0.85263,-0.59118,0.55617,0.21843,0.35327,0.098846,-0.24463,0.60915,0.3718,0.11715,0.3044,0.11709,2.2396,5.3812,0.27281,0.084177,0.2565,0.067574,2.4618,11.232,0.24866,0.055654,0.23735,0.048472,0.57717,2.343,0.23717,0.062886,0.45893,0.12762,-0.65615,-0.029267,0.49367,0.13751,0.25571,0.07419,1.5821,3.9459,0.24419,0.075469,0.45424,0.16637,-0.019266,-1.1013,0.44549,0.28666,0.3845,0.14645,0.36618,-0.98731,0.34727,0.25114,0.28252,0.066498,1.1738,3.3116,0.27663,0.071182,0.27265,0.086729,1.9649,6.0574,0.25779,0.085163,0.20369,0.056515,0.97696,1.491,0.19607,0.088235,0.20564,0.084473,2.7674,10.016,0.18639,0.09516,0.19868,0.088671,4.7311,29.461,0.18045,0.083425,0.46894,0.25663,0.17885,-1.416,0.44736,0.51096,0.37584,0.14232,-0.22174,-0.94478,0.40758,0.24133,0.20999,0.073936,2.467,9.5822,0.19811,0.086559,0.22133,0.090013,2.9442,12.356,0.20812,0.096614,0.16094,0.026774,2.7109,14.455,0.15262,0.03303,0.21307,0.06503,1.4835,2.9426,0.20159,0.074374,0.16897,0.066059,4.5471,21.799,0.15049,0.028958,0.17776,0.10082,4.6063,21.901,0.14442,0.030964,0.36304,0.11223,-0.7772,-0.45386,0.40086,0.13895,0.31432,0.11652,0.7783,0.43622,0.30582,0.15102,0.24235,0.13218,1.1348,-0.22824,0.17175,0.19397,1
0.40777,0.10272,1.3659,4.9433,0.39922,0.10568,0.42816,0.036181,-0.12105,2.3544,0.42853,0.040719,0.59288,0.084295,-1.5212,5.1655,0.60254,0.084386,0.1932,0.033906,0.76439,2.3916,0.19144,0.044442,0.34377,0.095588,0.18675,0.045018,0.3453,0.14336,0.2652,0.073009,0.99213,2.1022,0.25686,0.095912,0.25652,0.11911,1.7266,2.8297,0.21495,0.10712,0.3887,0.14723,-0.00053266,-1.171,0.39219,0.25778,0.19339,0.061968,4.3901,25.156,0.18278,0.042501,0.19755,0.055429,4.3916,26.566,0.19015,0.0434,0.21899,0.038978,0.053927,0.28896,0.22047,0.052569,0.39576,0.10082,0.13933,0.047454,0.39894,0.14534,0.21561,0.052833,2.7776,15.071,0.21264,0.05164,0.31655,0.10627,0.78706,0.26049,0.29405,0.13337,0.52548,0.12817,-0.78667,0.49751,0.5418,0.14902,0.22395,0.045939,0.61647,1.9176,0.2237,0.057314,0.21704,0.053303,3.3838,22.606,0.21573,0.052146,0.16672,0.039938,1.6617,2.699,0.14028,0.045502,0.16675,0.057788,4.5246,27.176,0.14028,0.034619,0.16404,0.056341,6.9193,69.129,0.14028,0.032508,0.23039,0.16268,2.1347,3.5202,0.14718,0.088377,0.33417,0.13434,0.017887,-1.1253,0.3453,0.23193,0.21486,0.13488,2.3918,4.9074,0.15119,0.081802,0.17316,0.073253,4.8714,28.881,0.14028,0.044289,0.15288,0.018141,1.7578,3.3241,0.14187,0.021083,0.17129,0.055238,5.8509,42.953,0.15882,0.041911,0.15502,0.04427,6.1008,40.034,0.14028,0.014954,0.27025,0.10335,0.42313,-0.83928,0.25964,0.17488,0.39407,0.099442,-0.85182,0.23538,0.41427,0.12361,0.39411,0.11032,-0.39894,-0.46384,0.40662,0.15361,0.15098,0.018177,3.3023,21.411,0.14028,0.016916,1
0.49537,0.14082,0.78436,0.78273,0.4726,0.16732,0.4624,0.047809,0.67362,0.47894,0.45204,0.06145,0.45542,0.10786,0.082278,0.85778,0.44267,0.091587,0.19849,0.042868,1.387,4.0978,0.19015,0.052214,0.31054,0.15483,1.0105,-0.40479,0.2363,0.22499,0.50666,0.14266,-0.3773,-0.99818,0.54,0.24376,0.28574,0.1707,1.3131,0.4763,0.20089,0.19614,0.2268,0.11039,2.5917,7.5344,0.18763,0.06662,0.55308,0.17252,-0.84234,-0.80684,0.64321,0.30027,0.25919,0.088098,1.9752,5.0312,0.23717,0.086876,0.18601,0.03785,1.2453,4.7796,0.18278,0.05401,0.33145,0.1686,0.94943,-0.45614,0.2643,0.23174,0.24866,0.078665,1.1459,2.4335,0.2433,0.096093,0.55173,0.13783,-0.88079,0.41406,0.58565,0.18503,0.30823,0.14065,1.0964,0.33149,0.26243,0.16759,0.44864,0.14485,-0.43616,-0.99238,0.48449,0.25195,0.18927,0.044749,2.7887,20.318,0.18457,0.055107,0.17528,0.043649,1.7201,4.4629,0.15966,0.057145,0.16522,0.041123,3.7768,26.997,0.14384,0.039028,0.23287,0.10333,2.2631,8.6781,0.20591,0.12928,0.19866,0.13142,3.2954,10.594,0.14028,0.053119,0.23928,0.13834,1.5304,1.1446,0.17652,0.11658,0.40596,0.15424,-0.45969,-1.2406,0.46415,0.28411,0.19917,0.10493,3.6281,13.817,0.17074,0.069329,0.15533,0.020621,2.6531,16.118,0.14686,0.024661,0.16114,0.030766,5.7401,67.001,0.15226,0.031989,0.19285,0.076378,2.5957,7.055,0.16681,0.061187,0.37821,0.12435,-0.53988,-0.79101,0.40758,0.18122,0.38412,0.14311,-0.18033,-1.19,0.40374,0.24871,0.42229,0.12651,-0.61088,-0.031032,0.44455,0.14432,0.15344,0.022471,4.8535,44.981,0.14399,0.019798,1
0.46592,0.11419,1.0286,2.5951,0.45108,0.1184,0.45682,0.035699,0.34377,5,0.45578,0.040111,0.51003,0.062491,0.6093,3.3629,0.50465,0.064747,0.20617,0.041428,1.7594,7.4781,0.20159,0.044646,0.24841,0.069151,2.8558,13.03,0.23544,0.053186,0.23155,0.082695,2.6493,8.4886,0.20961,0.05602,0.21481,0.07337,3.3115,15.28,0.19742,0.050189,0.20111,0.04289,2.194,10.024,0.19472,0.043185,0.52645,0.10664,-0.28093,0.56751,0.53097,0.13589,0.21347,0.059802,3.4273,18.405,0.20445,0.048728,0.22092,0.038197,0.79547,4.4793,0.22127,0.045874,0.29244,0.081319,2.6089,10.262,0.2824,0.060354,0.2241,0.049877,3.2934,19.538,0.22047,0.044305,0.58074,0.10857,-0.99797,0.84337,0.60342,0.13529,0.29231,0.088776,1.2651,2.2203,0.26996,0.10623,0.28166,0.076676,0.67731,0.93608,0.27186,0.09986,0.24859,0.063598,2.387,9.0153,0.2389,0.055427,0.1646,0.030257,2.3618,11.687,0.15523,0.040169,0.16962,0.053181,3.9266,18.695,0.15262,0.037902,0.16549,0.056455,7.7639,75.081,0.15119,0.034085,0.17164,0.046285,4.4848,35.661,0.1576,0.049875,0.16764,0.038719,3.8079,24.64,0.1568,0.041326,0.46542,0.09494,-1.2309,1.2655,0.49367,0.10908,0.17347,0.063593,5.6507,37.114,0.15966,0.044289,0.16074,0.023143,1.7433,8.9174,0.15409,0.034619,0.17433,0.052099,3.9447,20.539,0.1618,0.044893,0.20359,0.089892,2.1936,4.5193,0.17023,0.061789,0.16956,0.04665,3.9286,23.281,0.15562,0.038463,0.39881,0.085566,-0.48571,0.55598,0.40566,0.10648,0.46679,0.10162,-0.22413,0.42078,0.46694,0.13163,0.31815,0.15066,0.52317,-0.94129,0.28433,0.26092,1
0.52298,0.10895,0.46195,1.1505,0.51859,0.13307,0.45676,0.029278,-0.08189,2.7249,0.45857,0.033556,0.55745,0.050457,0.17401,5.103,0.55707,0.051119,0.28165,0.051653,-0.49851,0.14131,0.28724,0.067182,0.36971,0.095943,0.06638,-0.16008,0.36887,0.13125,0.39205,0.10012,-0.093281,-0.28624,0.39605,0.13384,0.3084,0.079705,1.4431,6.0559,0.30483,0.078977,0.3204,0.081527,-0.0068839,-0.37116,0.32061,0.11428,0.56091,0.10378,-0.81803,1.6148,0.56424,0.13875,0.2836,0.064265,1.9145,8.2478,0.28047,0.065761,0.23329,0.041345,-0.26358,-0.33732,0.2363,0.057458,0.35535,0.098646,0.18073,-0.08766,0.35219,0.13273,0.24109,0.058408,1.7428,7.8219,0.2389,0.063317,0.34472,0.097336,0.0030223,-0.27472,0.34629,0.13286,0.45763,0.13334,-0.35602,-0.6159,0.4725,0.19562,0.42647,0.091658,-0.28497,0.94593,0.42947,0.10603,0.40362,0.1226,-0.26805,-0.94652,0.41904,0.20367,0.16699,0.037467,1.3607,1.0295,0.14028,0.047976,0.35552,0.13613,-0.17822,-1.2139,0.37375,0.23785,0.16784,0.069501,7.0559,62.389,0.14028,0.037345,0.16446,0.063041,7.5265,71.581,0.14028,0.032508,0.32112,0.13294,0.25595,-0.9321,0.31666,0.22314,0.48743,0.14048,-1.251,0.6539,0.53097,0.14026,0.18595,0.087919,4.4261,22.987,0.15447,0.06636,0.1602,0.021342,1.0378,0.53887,0.15447,0.033556,0.1783,0.036676,1.7407,8.1528,0.17175,0.050931,0.17135,0.060707,4.5749,22.858,0.1568,0.034619,0.15724,0.024945,6.2602,73.742,0.15084,0.027012,0.47261,0.09629,-1.6297,2.3936,0.50191,0.08077,0.35317,0.11014,-0.098046,-0.73525,0.36103,0.16424,0.16496,0.049315,6.0316,46.236,0.15335,0.031475,1
0.5996,0.15984,-0.012459,-0.02894,0.59785,0.21037,0.52073,0.070014,-0.00025516,-0.68911,0.51739,0.11437,0.48027,0.087338,0.58121,0.99347,0.46137,0.09628,0.24511,0.05127,1.2168,5.9661,0.24153,0.05673,0.38598,0.1191,0.6328,0.3636,0.3757,0.15399,0.322,0.093531,0.94672,1.2962,0.31074,0.1082,0.42893,0.15838,-0.32848,-1.1923,0.48449,0.29671,0.2911,0.079201,0.90887,2.0928,0.28627,0.091588,0.35519,0.14097,0.9221,-0.14056,0.29601,0.21268,0.25959,0.065614,2.4606,8.7777,0.24776,0.055654,0.22879,0.046832,0.97993,4.5712,0.22782,0.054836,0.36365,0.11199,0.90649,1.1384,0.34924,0.13469,0.25538,0.058123,1.0888,3.6128,0.25047,0.065625,0.48069,0.14991,-0.30022,-0.5835,0.49642,0.21805,0.36718,0.16322,0.8644,-0.23834,0.30091,0.24296,0.29937,0.07818,0.77469,0.46494,0.28433,0.084797,0.23339,0.052273,2.0573,12.093,0.23033,0.053333,0.18515,0.048458,1.9036,6.6637,0.1749,0.069329,0.18671,0.05904,3.1336,16.089,0.17331,0.067837,0.20304,0.10186,4.1106,20.126,0.17818,0.072378,0.22461,0.13507,2.9074,8.4532,0.18517,0.093186,0.3253,0.13105,0.73793,0.50738,0.31469,0.18439,0.19127,0.054468,2.3582,10.204,0.18219,0.068088,0.20529,0.091031,3.2186,11.859,0.18397,0.07361,0.16667,0.029895,2.903,17.133,0.1605,0.037452,0.18073,0.047653,3.5673,21.787,0.17074,0.043566,0.17545,0.067959,4.046,16.79,0.15882,0.03271,0.16496,0.040471,5.8053,46.886,0.1564,0.033556,0.4652,0.090192,-2.0835,4.8418,0.48449,0.064518,0.44184,0.079047,-0.8338,3.287,0.44924,0.078751,0.18095,0.063075,3.0889,10.446,0.16312,0.040452,1
0.64507,0.22265,-0.43008,-0.82346,0.68297,0.34736,0.52062,0.070369,0.55322,1.1985,0.51466,0.069037,0.54876,0.10593,-1.1302,2.299,0.55797,0.10045,0.33675,0.085877,-0.59227,-0.004569,0.35023,0.10297,0.40837,0.12076,-0.26423,-0.38981,0.41523,0.16769,0.40054,0.1036,-0.32059,-0.18852,0.41141,0.14293,0.42791,0.13991,-0.29944,-0.11774,0.44267,0.14516,0.36176,0.11392,-0.20827,-0.43029,0.3757,0.15164,0.47539,0.17585,-0.0097124,-0.74709,0.46415,0.25204,0.35627,0.092755,0.43045,0.78707,0.35416,0.10384,0.30136,0.063962,-0.019587,0.24767,0.30483,0.084676,0.42912,0.12673,0.24689,-0.37192,0.41427,0.18353,0.34803,0.094922,-0.18102,-0.37428,0.35219,0.12896,0.45737,0.16697,0.42884,-0.66789,0.41999,0.25951,0.35317,0.1128,0.77078,0.59129,0.33543,0.13669,0.43348,0.14849,-0.1424,-1.1251,0.44642,0.25582,0.3303,0.098547,0.72715,0.76253,0.3216,0.096034,0.19601,0.049374,1.1267,2.4885,0.18952,0.073183,0.2276,0.10127,1.6121,1.9212,0.19607,0.097848,0.20716,0.12828,3.5893,12.599,0.17227,0.068581,0.20287,0.095628,3.2441,13.296,0.1749,0.080192,0.29031,0.13732,0.6577,-0.83234,0.24241,0.23301,0.41091,0.17797,-0.24748,-1.4606,0.44642,0.35482,0.23299,0.13273,2.3952,4.7345,0.19472,0.078705,0.18655,0.03881,1.2178,4.3916,0.18278,0.057395,0.21355,0.060698,1.9608,8.3508,0.20664,0.072562,0.20865,0.10288,2.4807,5.0541,0.17762,0.051085,0.17497,0.04452,3.7802,22.326,0.16634,0.050255,0.27156,0.11089,0.72939,-0.60709,0.23717,0.17,0.49526,0.16832,-0.68023,-0.62631,0.5454,0.24102,0.1733,0.03769,3.2458,22.115,0.16681,0.049993,1
